Field,brain_num,threshold,vol_tot_more_thresh.mm3.,vol_tar_more_thresh.mm3.,focality,activation,vol_thresh...,non_target_activ...,mean_tar,sd_tar
Configuration_F5_AF9_F6_AF10.cache,1,0.180174768,17151,1453,8.471809224,50.3814147,1.462272999,91.52819078,0.187261924,0.029269021
Configuration_AF9_C5_AF10_C6.cache,1,0.235234343,18226,1469,8.059914408,50.93619972,1.553926166,91.94008559,0.241482574,0.037447473
Configuration_AF9_CP5_AF10_CP6.cache,1,0.264817452,18301,1413,7.720889569,48.99445215,1.560320573,92.27911043,0.266718283,0.04053138
Configuration_AF9_CP7_AF10_CP8.cache,1,0.237138714,18681,1406,7.526363685,48.7517337,1.592718902,92.47363632,0.238739663,0.03742586
Configuration_Fp1_CP7_Fp2_CP8.cache,1,0.399652861,19914,1472,7.391784674,51.04022191,1.697842953,92.60821533,0.409778482,0.041648559
Configuration_Fp1_P7_Fp2_P8.cache,1,0.439978365,19594,1435,7.323670511,49.75728155,1.67056015,92.67632949,0.445990258,0.044526588
Configuration_F7_AF9_F8_AF10.cache,1,0.126844774,19884,1455,7.317441159,50.45076283,1.695285191,92.68255884,0.131713207,0.021982802
Configuration_AF9_FC7_AF10_FC8.cache,1,0.155751752,19958,1419,7.109930855,49.20249653,1.701594339,92.89006915,0.160843358,0.027186759
Configuration_F5_F9_F6_F10.cache,1,0.149942563,21182,1486,7.015390426,51.52565881,1.805951061,92.98460957,0.15507888,0.019038308
Configuration_Fp1_P9_Fp2_P10.cache,1,0.441343358,19944,1390,6.969514641,48.19694868,1.700400716,93.03048536,0.446074473,0.043927507
Configuration_AF9_F9_AF10_F10.cache,1,0.09640308,20596,1427,6.928529812,49.47988904,1.755989428,93.07147019,0.098288691,0.015963032
Configuration_AF9_FT9_AF10_FT10.cache,1,0.132574388,20960,1436,6.851145038,49.79195562,1.787023617,93.14885496,0.13479309,0.021686751
Configuration_Fp1_FT9_Fp2_FT10.cache,1,0.339565227,20985,1419,6.761972838,49.20249653,1.789155086,93.23802716,0.348085114,0.035732147
Configuration_Fp1_P5_Fp2_P6.cache,1,0.440212269,21729,1451,6.677711814,50.31206657,1.852587603,93.32228819,0.446719828,0.044743169
Configuration_AF9_FC5_AF10_FC6.cache,1,0.20172791,21320,1415,6.6369606,49.06380028,1.81771677,93.3630394,0.209114576,0.034457373
Configuration_F5_F7_F6_F8.cache,1,0.062392571,21782,1443,6.624736021,50.03467406,1.857106318,93.37526398,0.063450514,0.007632343
Configuration_Fp1_PO7_Fp2_PO8.cache,1,0.455820822,21189,1389,6.555288121,48.16227462,1.806547873,93.44471188,0.458925017,0.045786244
Configuration_Fp1_CP5_Fp2_CP6.cache,1,0.4074848,21534,1389,6.450264698,48.16227462,1.835962145,93.5497353,0.415206738,0.042509302
Configuration_F9_FT9_F10_FT10.cache,1,0.036369318,22009,1414,6.424644464,49.02912621,1.876460056,93.57535554,0.036571338,0.005952396
Configuration_Fp1_F9_Fp2_F10.cache,1,0.31231081,22211,1409,6.34370357,48.85575589,1.893682326,93.65629643,0.319561224,0.033642481
Configuration_F7_F9_F8_F10.cache,1,0.089433187,24822,1502,6.051083716,52.08044383,2.116292949,93.94891628,0.092311656,0.011507942
Configuration_F9_FC7_F10_FC8.cache,1,0.081734893,23624,1425,6.032001355,49.41054092,2.014152954,93.96799865,0.083620415,0.012970836
Configuration_Fp1_pre_l_Fp2_pre_r.cache,1,0.37984233,23662,1393,5.887076325,48.30097087,2.017392787,94.11292368,0.388004842,0.037939194
Configuration_Fp1_FC7_Fp2_FC8.cache,1,0.309428226,25950,1500,5.780346821,52.0110957,2.212464831,94.21965318,0.320838484,0.035725709
Configuration_Fp1_P3_Fp2_P4.cache,1,0.443271884,26592,1486,5.588146811,51.52565881,2.267200955,94.41185319,0.449529341,0.045050799
Configuration_F7_Fp1_F8_Fp2.cache,1,0.259871277,25954,1447,5.575248517,50.17337032,2.212805866,94.42475148,0.266215617,0.031375654
Configuration_Fp1_PO9_Fp2_PO10.cache,1,0.453150115,26973,1500,5.561116672,52.0110957,2.299684543,94.43888333,0.459818493,0.045541914
Configuration_F5_FT9_F6_FT10.cache,1,0.157228943,25671,1412,5.500370067,48.95977809,2.188677637,94.49962993,0.161254302,0.019003603
Configuration_AF3_P9_AF4_P10.cache,1,0.441206565,28851,1502,5.206058715,52.08044383,2.459800495,94.79394128,0.44836501,0.041051329
Configuration_Fp1_C5_Fp2_C6.cache,1,0.361943123,28107,1456,5.18020422,50.48543689,2.396367977,94.81979578,0.373872497,0.040291803
Configuration_AF3_FT9_AF4_FT10.cache,1,0.362474612,27260,1410,5.172413793,48.89042996,2.324153807,94.82758621,0.370129298,0.037306753
Configuration_AF7_CP7_AF8_CP8.cache,1,0.26526997,28304,1463,5.168880724,50.72815534,2.413163953,94.83111928,0.267057384,0.032595056
Configuration_F5_Fp1_F6_Fp2.cache,1,0.243330376,28200,1453,5.15248227,50.3814147,2.404297042,94.84751773,0.249015808,0.030313603
Configuration_F3_AF9_F4_AF10.cache,1,0.266823716,28660,1473,5.139567341,51.07489598,2.443516071,94.86043266,0.277729116,0.038844538
Configuration_F5_FC7_F6_FC8.cache,1,0.095046543,27694,1425,5.145518885,49.41054092,2.361156109,94.85448112,0.096988387,0.010906474
Configuration_Fp1_FC5_Fp2_FC6.cache,1,0.310121073,29179,1479,5.068713801,51.28294036,2.487765368,94.9312862,0.321365344,0.036487757
Configuration_Fp1_AF9_Fp2_AF10.cache,1,0.258286953,28359,1429,5.038964703,49.54923717,2.417853184,94.9610353,0.261651282,0.034309745
Configuration_AF3_CP7_AF4_CP8.cache,1,0.397639586,28126,1410,5.013155088,48.89042996,2.397987893,94.98684491,0.404602523,0.038422382
Configuration_Fp1_PO3_Fp2_PO4.cache,1,0.458779452,29978,1487,4.960304223,51.56033287,2.555887117,95.03969578,0.463046451,0.045971804
Configuration_AF3_F9_AF4_F10.cache,1,0.341558599,29833,1472,4.934133342,51.04022191,2.543524597,95.06586666,0.349818171,0.037168978
Configuration_AF3_pre_l_AF4_pre_r.cache,1,0.399333095,30169,1487,4.928900527,51.56033287,2.572171541,95.07109947,0.409096677,0.038752889
Configuration_Fp1_PO8_Fp2_PO7.cache,1,0.469545488,29074,1421,4.887528376,49.27184466,2.478813198,95.11247162,0.468461137,0.044694363
Configuration_AF3_P7_AF4_P8.cache,1,0.430924653,30995,1508,4.865300855,52.28848821,2.642595277,95.13469915,0.43772167,0.040611982
Configuration_AF7_CP5_AF8_CP6.cache,1,0.277115908,29689,1408,4.742497221,48.82108183,2.531247336,95.25750278,0.276738739,0.033923825
Configuration_Fp1_CP3_Fp2_CP4.cache,1,0.418564723,30626,1428,4.662704891,49.51456311,2.611134794,95.33729511,0.426180992,0.043553473
Configuration_F7_FC7_F8_FC8.cache,1,0.056900409,30670,1427,4.652755135,49.47988904,2.61488618,95.34724486,0.057460565,0.007429772
Configuration_AF9_P7_AF10_P8.cache,1,0.270466031,33297,1463,4.39378923,50.72815534,2.838860943,95.60621077,0.273673156,0.043666166
Configuration_AF9_C3_AF10_C4.cache,1,0.281443695,32079,1402,4.370460426,48.61303745,2.735015773,95.62953957,0.285641597,0.041971845
Configuration_AF3_AF9_AF4_AF10.cache,1,0.313975164,33480,1462,4.366786141,50.69348128,2.854463296,95.63321386,0.322219101,0.043088471
Configuration_AF9_FC3_AF10_FC4.cache,1,0.280403941,32775,1418,4.326468345,49.16782247,2.79435587,95.67353166,0.288636103,0.041686327
Configuration_AF3_PO7_AF4_PO8.cache,1,0.444425238,34722,1498,4.314267611,51.94174757,2.960354676,95.68573239,0.449572956,0.041841621
Configuration_F7_FT9_F8_FT10.cache,1,0.100878684,33032,1431,4.332162751,49.6185853,2.816267371,95.66783725,0.102383056,0.013814718
Configuration_Fp1_PO4_Fp2_PO3.cache,1,0.46886051,32718,1410,4.309554374,48.89042996,2.789496121,95.69044563,0.468113157,0.045417641
Configuration_AF3_FC7_AF4_FC8.cache,1,0.312598165,35322,1489,4.215503086,51.629681,3.011509933,95.78449691,0.321553559,0.034640851
Configuration_AF7_P7_AF8_P8.cache,1,0.305007908,35176,1478,4.201728451,51.2482663,2.999062154,95.79827155,0.306166578,0.038791814
Configuration_AF3_PO9_AF4_PO10.cache,1,0.456291036,33504,1404,4.190544413,48.68238558,2.856509506,95.80945559,0.459507967,0.042387908
Configuration_Fp1_O1_Fp2_O2.cache,1,0.468996107,33650,1410,4.190193165,48.89042996,2.868957285,95.80980684,0.470403551,0.046718879
Configuration_AF9_P5_AF10_P6.cache,1,0.282428689,34268,1433,4.181743901,49.68793343,2.921647199,95.8182561,0.284560762,0.04430321
Configuration_Fp1_PO10_Fp2_PO9.cache,1,0.469011291,35841,1485,4.143299573,51.49098474,3.055759229,95.85670043,0.469966175,0.044461113
Configuration_Fp1_P6_Fp2_P5.cache,1,0.459598179,33582,1388,4.133166577,48.12760055,2.86315969,95.86683342,0.457704771,0.043069989
Configuration_AF3_P5_AF4_P6.cache,1,0.429249684,35001,1434,4.097025799,49.72260749,2.984141871,95.9029742,0.433211371,0.040349629
Configuration_F3_F9_F4_F10.cache,1,0.24559834,37597,1516,4.032236615,52.56588072,3.205473612,95.96776339,0.253474598,0.028915706
Configuration_F9_CP7_F10_CP8.cache,1,0.136538273,35600,1436,4.033707865,49.79195562,3.035211868,95.96629213,0.139087471,0.022718908
Configuration_F7_AF3_F8_AF4.cache,1,0.269502548,34854,1397,4.008148276,48.43966713,2.971608833,95.99185172,0.272297166,0.032403058
Configuration_Fp1_P4_Fp2_P3.cache,1,0.458236657,34849,1391,3.991506213,48.23162275,2.971182539,96.00849379,0.457072694,0.043991895
Configuration_AF3_CP5_AF4_CP6.cache,1,0.391163084,37483,1496,3.991142651,51.87239945,3.195754114,96.00885735,0.399220525,0.038195724
Configuration_F9_C5_F10_C6.cache,1,0.151298444,36218,1445,3.989728864,50.10402219,3.087901782,96.01027114,0.154044515,0.024034849
Configuration_Fp1_P8_Fp2_P7.cache,1,0.458390788,37258,1472,3.950829352,51.04022191,3.176570893,96.04917065,0.457719269,0.042331954
Configuration_AF9_pre_l_AF10_pre_r.cache,1,0.171929972,38121,1469,3.853519058,50.93619972,3.250149203,96.14648094,0.174212172,0.027680484
Configuration_AF7_FT9_AF8_FT10.cache,1,0.198353343,36907,1391,3.768932723,48.23162275,3.146645068,96.23106728,0.202792416,0.021963058
Configuration_F3_FT9_F4_FT10.cache,1,0.252268282,38178,1434,3.756089895,49.72260749,3.255008952,96.24391011,0.258451182,0.028392802
Configuration_AF7_P5_AF8_P6.cache,1,0.30912361,37758,1415,3.747550188,49.06380028,3.219200273,96.25244981,0.308312436,0.038350295
Configuration_F3_Fp1_F4_Fp2.cache,1,0.233245354,38691,1450,3.74764157,50.27739251,3.298746696,96.25235843,0.239984848,0.032144344
Configuration_Fp1_P1_Fp2_P2.cache,1,0.448258016,39078,1458,3.730999539,50.55478502,3.331741836,96.26900046,0.452043538,0.045002386
Configuration_Fp1_P10_Fp2_P9.cache,1,0.458511247,38735,1445,3.730476313,50.10402219,3.302498082,96.26952369,0.458247371,0.04167856
Configuration_Fp1_C3_Fp2_C4.cache,1,0.384607128,37849,1393,3.680414278,48.30097087,3.22695882,96.31958572,0.393915913,0.04229333
Configuration_Fp1_O2_Fp2_O1.cache,1,0.472926589,40395,1475,3.65144201,51.14424411,3.444027624,96.34855799,0.474377368,0.046346575
Configuration_AF3_FC5_AF4_FC6.cache,1,0.293117378,41106,1484,3.610178563,51.45631068,3.504646602,96.38982144,0.300858383,0.033249842
Configuration_F3_AF7_F4_AF8.cache,1,0.158471181,39534,1425,3.604492336,49.41054092,3.370619831,96.39550766,0.161971254,0.021499329
Configuration_AF9_CP3_AF10_CP4.cache,1,0.2944747,39376,1413,3.588480293,48.99445215,3.357148947,96.41151971,0.295979009,0.043500516
Configuration_AF7_AF9_AF8_AF10.cache,1,0.138766434,39617,1423,3.591892369,49.34119279,3.377696308,96.40810763,0.144352368,0.021855384
Configuration_F5_AF3_F6_AF4.cache,1,0.22678599,41779,1452,3.47543024,50.34674064,3.562025748,96.52456976,0.228811219,0.028774998
Configuration_Fp1_FC3_Fp2_FC4.cache,1,0.332944204,40262,1392,3.457354329,48.26629681,3.432688209,96.54264567,0.341179151,0.039567554
Configuration_AF7_pre_l_AF8_pre_r.cache,1,0.245810507,41374,1424,3.441775028,49.37586685,3.52749595,96.55822497,0.247707161,0.027068037
Configuration_AF7_F9_AF8_F10.cache,1,0.171694167,42399,1450,3.419891979,50.27739251,3.61488618,96.58010802,0.176696983,0.019117207
Configuration_AF7_C5_AF8_C6.cache,1,0.230417292,42902,1460,3.40310475,50.62413315,3.657771336,96.59689525,0.234872916,0.028977818
Configuration_AF3_C5_AF4_C6.cache,1,0.346533454,44491,1461,3.283810209,50.65880721,3.793247506,96.71618979,0.356286027,0.036930275
Configuration_F9_FC5_F10_FC6.cache,1,0.136005099,43997,1421,3.229765666,49.27184466,3.751129679,96.77023433,0.139365242,0.02185794
Configuration_AF3_AF4_pre_l_pre_r.cache,1,0.242872126,44366,1410,3.178109363,48.89042996,3.782590161,96.82189064,0.241271342,0.034547871
Configuration_F5_AF7_F6_AF8.cache,1,0.104947498,46175,1438,3.114239307,49.86130374,3.936823259,96.88576069,0.11083805,0.016768317
Configuration_F3_FC7_F4_FC8.cache,1,0.187362973,47843,1481,3.095541668,51.35228849,4.079034871,96.90445833,0.192140687,0.019807112
Configuration_F3_AF3_F4_AF4.cache,1,0.172251024,46091,1413,3.065674427,48.99445215,3.929661523,96.93432557,0.173768622,0.023190283
Configuration_Fp1_P2_Fp2_P1.cache,1,0.4544528,48534,1481,3.051469073,51.35228849,4.137948674,96.94853093,0.456305952,0.044423102
Configuration_Fp1_Fp2_FT9_FT10.cache,1,0.328124431,47329,1442,3.046757802,50,4.035211868,96.9532422,0.32231122,0.060162287
Configuration_F3_pre_l_F4_pre_r.cache,1,0.284894486,45247,1369,3.025614958,47.46879334,3.857703129,96.97438504,0.289630824,0.030771085
Configuration_F3_F7_F4_F8.cache,1,0.16225591,49497,1489,3.008263127,51.629681,4.22005286,96.99173687,0.166276004,0.018064672
Configuration_Fp1_Fp2_pre_l_pre_r.cache,1,0.246727239,48042,1442,3.001540319,50,4.096001364,96.99845968,0.2453579,0.035366222
Configuration_F7_CP7_F8_CP8.cache,1,0.150775234,47160,1402,2.972858355,48.61303745,4.020803138,97.02714165,0.154990349,0.018777688
Configuration_Fp1_CP1_Fp2_CP2.cache,1,0.429169083,48025,1415,2.946382093,49.06380028,4.094551965,97.05361791,0.433828719,0.043874496
Configuration_F1_AF9_F2_AF10.cache,1,0.326940968,50497,1485,2.940768759,51.49098474,4.305311621,97.05923124,0.337416409,0.04268135
Configuration_AF7_FC5_AF8_FC6.cache,1,0.173188698,48399,1417,2.927746441,49.13314841,4.126438742,97.07225356,0.17978999,0.023601479
Configuration_AF7_FC7_AF8_FC8.cache,1,0.16101289,50834,1468,2.887830979,50.90152566,4.334043823,97.11216902,0.167766476,0.020971377
Configuration_F7_FC5_F8_FC6.cache,1,0.084490099,49492,1417,2.863088984,49.13314841,4.219626567,97.13691102,0.0854388,0.011901037
Configuration_AF3_P3_AF4_P4.cache,1,0.424606903,51978,1479,2.845434607,51.28294036,4.431579845,97.15456539,0.428747453,0.040132236
Configuration_AF7_Fp1_AF8_Fp2.cache,1,0.134453222,51151,1446,2.826924205,50.13869626,4.36107085,97.1730758,0.13750733,0.024320896
Configuration_F3_CP7_F4_CP8.cache,1,0.252736808,51999,1429,2.748129772,49.54923717,4.433370279,97.25187023,0.255672842,0.027732331
Configuration_F5_FC5_F6_FC6.cache,1,0.075364991,53854,1476,2.740743492,51.17891817,4.591525279,97.25925651,0.076030794,0.008753847
Configuration_AF3_O1_AF4_O2.cache,1,0.458570618,52240,1410,2.699081164,48.89042996,4.45391764,97.30091884,0.459745489,0.042785887
Configuration_AF3_PO10_AF4_PO9.cache,1,0.462755374,56817,1522,2.678775719,52.7739251,4.844146986,97.32122428,0.465226238,0.041082488
Configuration_AF3_Fp1_AF4_Fp2.cache,1,0.113887998,54490,1466,2.690401909,50.83217753,4.645749851,97.30959809,0.117129898,0.020066415
Configuration_AF3_PO3_AF4_PO4.cache,1,0.444313352,53519,1421,2.655131822,49.27184466,4.562963595,97.34486818,0.445771017,0.041489161
Configuration_AF3_FC3_AF4_FC4.cache,1,0.287786267,55222,1466,2.654739053,50.83217753,4.708159263,97.34526095,0.29305789,0.032253621
Configuration_F5_CP7_F6_CP8.cache,1,0.171177595,55371,1454,2.625923317,50.41608877,4.720862819,97.37407668,0.174784845,0.024481129
Configuration_AF3_CP3_AF4_CP4.cache,1,0.396398324,52866,1382,2.614156547,47.91955617,4.507289624,97.38584345,0.399814646,0.03808185
Configuration_F7_C5_F8_C6.cache,1,0.126785136,56502,1465,2.592828572,50.79750347,4.817290477,97.40717143,0.12990081,0.01509839
Configuration_F3_FC5_F4_FC6.cache,1,0.146367442,53569,1376,2.568649779,47.71151179,4.567226533,97.43135022,0.148622759,0.013938362
Configuration_AF3_AF4_FT9_FT10.cache,1,0.314668495,56531,1447,2.559657533,50.17337032,4.819762981,97.44034247,0.311650602,0.063975668
Configuration_AF7_AF8_AF9_AF10.cache,1,0.482934498,56067,1430,2.550519914,49.58391123,4.780202916,97.44948009,0.483392095,0.07216654
Configuration_F1_Fp1_F2_Fp2.cache,1,0.268647611,56553,1442,2.549820522,50,4.821638673,97.45017948,0.271728691,0.037388994
Configuration_AF3_AF7_AF4_AF8.cache,1,0.164375081,57041,1452,2.54553742,50.34674064,4.863244948,97.45446258,0.168531321,0.029719938
Configuration_AF7_P9_AF8_P10.cache,1,0.304027584,58929,1484,2.518284716,51.45631068,5.024213488,97.48171528,0.305330353,0.039150338
Configuration_AF3_PO8_AF4_PO7.cache,1,0.454986036,55564,1389,2.499820027,48.16227462,4.737317759,97.50017997,0.454499894,0.040670295
Configuration_Fp1_O9_Fp2_O10.cache,1,0.467938658,59446,1482,2.493018874,51.38696255,5.068292267,97.50698113,0.472332718,0.047028842
Configuration_AF7_PO7_AF8_PO8.cache,1,0.319174299,59017,1459,2.472169036,50.58945908,5.031716259,97.52783096,0.320159824,0.040422223
Configuration_F3_F4_FT9_FT10.cache,1,0.34481708,58650,1437,2.450127877,49.82662968,5.000426294,97.54987212,0.338114112,0.05289531
Configuration_AF3_C3_AF4_C4.cache,1,0.355137373,60946,1463,2.400485676,50.72815534,5.196180408,97.59951432,0.363156534,0.036994746
Configuration_F5_F6_AF9_AF10.cache,1,0.467460504,61493,1459,2.372627779,50.58945908,5.242816949,97.62737222,0.460643123,0.06829976
Configuration_F7_AF7_F8_AF8.cache,1,0.104808644,63724,1480,2.32251585,51.31761442,5.433029244,97.67748415,0.110144528,0.014470763
Configuration_AF7_CP3_AF8_CP4.cache,1,0.291690424,64269,1461,2.273257714,50.65880721,5.479495268,97.72674229,0.292576635,0.034950175
Configuration_AF7_FC3_AF8_FC4.cache,1,0.22229238,65044,1480,2.275382818,51.31761442,5.545570807,97.72461718,0.227078803,0.028228224
Configuration_Fp1_Fp2_CP7_CP8.cache,1,0.225898876,63361,1441,2.274269661,49.96532594,5.402080314,97.72573034,0.223983767,0.033668378
Configuration_Fp1_O10_Fp2_O9.cache,1,0.475009272,67568,1484,2.196305944,51.45631068,5.760763918,97.80369406,0.47687004,0.046639985
Configuration_AF9_FC6_AF10_FC5.cache,1,0.419998218,67334,1477,2.193542638,51.21359223,5.740813369,97.80645736,0.411166315,0.050926003
Configuration_F1_AF3_F2_AF4.cache,1,0.18214805,65684,1442,2.195359601,50,5.600136414,97.8046404,0.183129028,0.023188631
Configuration_AF7_C3_AF8_C4.cache,1,0.262689483,65928,1432,2.172066497,49.65325936,5.620939552,97.8279335,0.264223568,0.032063152
Configuration_AF3_O2_AF4_O1.cache,1,0.461238595,65364,1416,2.16633009,49.09847434,5.572853611,97.83366991,0.461716119,0.042374773
Configuration_Fp1_Fp2_F9_F10.cache,1,0.331312922,66546,1437,2.159408529,49.82662968,5.673629465,97.84059147,0.335474345,0.07190524
Configuration_F5_C5_F6_C6.cache,1,0.132129911,64987,1401,2.155815779,48.57836338,5.540711058,97.84418422,0.132750389,0.015608528
Configuration_AF3_P10_AF4_P9.cache,1,0.45646918,63569,1363,2.144126854,47.26074896,5.419814136,97.85587315,0.455474001,0.038534881
Configuration_F9_CP5_F10_CP6.cache,1,0.166285538,68456,1467,2.142982354,50.8668516,5.836473698,97.85701765,0.169761541,0.026833563
Configuration_Fp1_CP4_Fp2_CP3.cache,1,0.43820482,65009,1374,2.113553508,47.64216366,5.542586751,97.88644649,0.437568622,0.041729743
Configuration_F3_C5_F4_C6.cache,1,0.195532974,71627,1492,2.083013389,51.73370319,6.106829227,97.91698661,0.199292813,0.020331548
Configuration_AF9_C6_AF10_C5.cache,1,0.370609296,69251,1437,2.075060288,49.82662968,5.904254412,97.92493971,0.366069934,0.040090208
Configuration_AF9_PO7_AF10_PO8.cache,1,0.280520487,70909,1470,2.073079581,50.97087379,6.045613437,97.92692042,0.285524134,0.045680412
Configuration_F1_F9_F2_F10.cache,1,0.301931638,68616,1415,2.062201236,49.06380028,5.850115099,97.93779876,0.307923538,0.032162041
Configuration_AF7_AF10_AF8_AF9.cache,1,0.50142166,71200,1461,2.051966292,50.65880721,6.070423736,97.94803371,0.503452209,0.079298774
Configuration_F7_CP5_F8_CP6.cache,1,0.164062186,69674,1428,2.049545024,49.51456311,5.940318868,97.95045498,0.167905055,0.018774415
Configuration_F3_F4_F9_F10.cache,1,0.351874193,71845,1456,2.026585009,50.48543689,6.125415636,97.97341499,0.350375097,0.061287248
Configuration_F3_F5_F4_F6.cache,1,0.101129534,73453,1495,2.035315099,51.83772538,6.262511723,97.9646849,0.103223227,0.011217287
Configuration_Fp1_Fp2_C5_C6.cache,1,0.265798178,71540,1450,2.026838133,50.27739251,6.099411715,97.97316187,0.261510979,0.035876762
Configuration_Fp1_AF10_Fp2_AF9.cache,1,0.406790955,70453,1422,2.018366855,49.30651872,6.006735442,97.98163315,0.412674118,0.061869887
Configuration_F3_CP5_F4_CP6.cache,1,0.237537249,73347,1483,2.021895919,51.42163662,6.253474294,97.97810408,0.239538921,0.026427885
Configuration_AF3_PO4_AF4_PO3.cache,1,0.447393408,72643,1458,2.007075699,50.55478502,6.193452127,97.9929243,0.448246843,0.040942994
Configuration_F1_FT9_F2_FT10.cache,1,0.302518426,74405,1476,1.983737652,51.17891817,6.343678063,98.01626235,0.308720848,0.031175649
Configuration_F3_F4_AF9_AF10.cache,1,0.353525466,73339,1447,1.973029357,50.17337032,6.252792224,98.02697064,0.353474548,0.064956299
Configuration_Fp1_CP8_Fp2_CP7.cache,1,0.426779427,76171,1496,1.964002048,51.87239945,6.494245034,98.03599795,0.42764534,0.037368431
Configuration_Fp1_pre_r_Fp2_pre_l.cache,1,0.413765286,75267,1461,1.941089721,50.65880721,6.417171114,98.05891028,0.415370366,0.033652578
Configuration_AF7_AF8_F9_F10.cache,1,0.429431486,73109,1416,1.936834042,49.09847434,6.23318271,98.06316596,0.419730756,0.05824475
Configuration_AF3_O9_AF4_O10.cache,1,0.467910332,71620,1372,1.915666015,47.57281553,6.106232415,98.08433398,0.469237452,0.043713046
Configuration_F7_F8_AF9_AF10.cache,1,0.49049926,75311,1442,1.914726932,50,6.4209225,98.08527307,0.484073146,0.068374646
Configuration_AF3_AF4_F9_F10.cache,1,0.320538518,75039,1437,1.915004198,49.82662968,6.397732117,98.0849958,0.323505586,0.075443856
Configuration_AF9_P9_AF10_P10.cache,1,0.249909287,75374,1441,1.911799825,49.96532594,6.426293802,98.08820018,0.253607711,0.04215583
Configuration_Fp1_CP2_Fp2_CP1.cache,1,0.4379198,76412,1453,1.901533791,50.3814147,6.514792395,98.09846621,0.439839495,0.042973816
Configuration_F1_F2_pre_l_pre_r.cache,1,0.189025777,76209,1454,1.907911139,50.41608877,6.497484867,98.09208886,0.189926799,0.035618313
Configuration_F5_AF10_F6_AF9.cache,1,0.473833114,77861,1474,1.893117222,51.10957004,6.638332339,98.10688278,0.466364101,0.065221185
Configuration_Fp1_C1_Fp2_C2.cache,1,0.401842683,78795,1479,1.877022654,51.28294036,6.717964021,98.12297735,0.410251331,0.043077144
Configuration_Fp1_FC1_Fp2_FC2.cache,1,0.346624778,76630,1422,1.855670103,49.30651872,6.533378805,98.1443299,0.354247392,0.041371455
Configuration_F9_FC3_F10_FC4.cache,1,0.219401412,78129,1432,1.832866157,49.65325936,6.661181686,98.16713384,0.223356052,0.030748538
Configuration_AF3_P8_AF4_P7.cache,1,0.442884061,82606,1507,1.824322688,52.25381415,7.042885156,98.17567731,0.443677619,0.038413676
Configuration_F5_pre_l_F6_pre_r.cache,1,0.189427893,77167,1407,1.823318258,48.78640777,6.579162759,98.17668174,0.192219217,0.025734908
Configuration_Fp1_Fp2_AF9_AF10.cache,1,0.333133844,79081,1431,1.809537057,49.6185853,6.742348026,98.19046294,0.345104444,0.085393179
Configuration_Fp1_CP6_Fp2_CP5.cache,1,0.432799464,76525,1379,1.802025482,47.81553398,6.524426635,98.19797452,0.43145248,0.039206456
Configuration_AF3_P1_AF4_P2.cache,1,0.424715386,79523,1404,1.765526954,48.68238558,6.780032398,98.23447305,0.426436194,0.039876859
Configuration_AF9_CP6_AF10_CP5.cache,1,0.338059047,80789,1425,1.76385399,49.41054092,6.887969989,98.23614601,0.336464494,0.031831236
Configuration_AF3_AF4_CP7_CP8.cache,1,0.224249979,81521,1423,1.745562493,49.34119279,6.950379401,98.25443751,0.221692818,0.032525693
Configuration_AF9_FC1_AF10_FC2.cache,1,0.319096764,82102,1422,1.731991913,49.30651872,6.999914741,98.26800809,0.326371234,0.042767076
Configuration_AF3_P6_AF4_P5.cache,1,0.437125546,85157,1458,1.71213171,50.55478502,7.260380254,98.28786829,0.437546446,0.038735538
Configuration_Fp1_Fp2_FC5_FC6.cache,1,0.327904919,84312,1438,1.705569788,49.86130374,7.188336602,98.29443021,0.323647433,0.061169349
Configuration_AF3_CP1_AF4_CP2.cache,1,0.39465079,89425,1505,1.68297456,52.18446602,7.624264643,98.31702544,0.399424425,0.038031701
Configuration_F1_pre_l_F2_pre_r.cache,1,0.326657637,84144,1409,1.674510363,48.85575589,7.17401313,98.32548964,0.332751513,0.034776549
Configuration_AF3_AF4_AF9_AF10.cache,1,0.318849057,86805,1448,1.668106676,50.20804438,7.400886691,98.33189332,0.331482453,0.087113603
Configuration_F5_CP5_F6_CP6.cache,1,0.171060532,84564,1412,1.669741261,48.95977809,7.209821809,98.33025874,0.174641391,0.021615807
Configuration_F3_P7_F4_P8.cache,1,0.280419818,85236,1413,1.657750246,48.99445215,7.267115696,98.34224975,0.281691624,0.034769715
Configuration_F7_AF10_F8_AF9.cache,1,0.490591347,90658,1494,1.647951642,51.80305132,7.729388695,98.35204836,0.483525436,0.068363973
Configuration_AF7_F10_AF8_F9.cache,1,0.475997383,86358,1408,1.630422196,48.82108183,7.362776025,98.3695778,0.468704839,0.068014705
Configuration_AF9_FC4_AF10_FC3.cache,1,0.360213905,89188,1452,1.628021707,50.34674064,7.604058317,98.37197829,0.360491099,0.03344282
Configuration_Fp1_Fp2_FC7_FC8.cache,1,0.331042287,88638,1436,1.620072655,49.79195562,7.557165999,98.37992734,0.336117653,0.072632811
Configuration_F5_F6_F9_F10.cache,1,0.426202678,89347,1435,1.606097575,49.75728155,7.61761446,98.39390243,0.417575784,0.057970097
Configuration_F3_F4_pre_l_pre_r.cache,1,0.250582352,89595,1428,1.593838942,49.51456311,7.638758632,98.40616106,0.251560758,0.03981185
Configuration_AF3_O10_AF4_O9.cache,1,0.470289932,89902,1420,1.579497675,49.2371706,7.664933072,98.42050232,0.471664802,0.043238829
Configuration_AF7_P3_AF8_P4.cache,1,0.313412841,91350,1442,1.578544061,50,7.788387757,98.42145594,0.313715792,0.037573829
Configuration_F1_FC7_F2_FC8.cache,1,0.238365197,97342,1531,1.572805161,53.08599168,8.299258249,98.42719484,0.243159043,0.022851112
Configuration_F3_F4_Fp1_Fp2.cache,1,0.327657749,94721,1463,1.544536059,50.72815534,8.075795038,98.45546394,0.333613007,0.07268154
Configuration_AF7_AF8_FT9_FT10.cache,1,0.386677369,92319,1417,1.534895309,49.13314841,7.871003496,98.46510469,0.382295592,0.056468346
Configuration_F3_AF10_F4_AF9.cache,1,0.414112211,95855,1466,1.529393355,50.83217753,8.172478472,98.47060665,0.414242762,0.049132291
Configuration_AF9_P3_AF10_P4.cache,1,0.296583347,95697,1465,1.530873486,50.79750347,8.159007588,98.46912651,0.299904868,0.045331864
Configuration_AF7_FT10_AF8_FT9.cache,1,0.456507513,94926,1443,1.520131471,50.03467406,8.093273084,98.47986853,0.448324001,0.062132275
Configuration_AF3_P4_AF4_P3.cache,1,0.428920657,98849,1497,1.514431102,51.90707351,8.427743201,98.4855689,0.430870205,0.03920387
Configuration_AF3_AF10_AF4_AF9.cache,1,0.404216091,96797,1439,1.486616321,49.89597781,8.252792224,98.51338368,0.411356831,0.05289992
Configuration_F3_FC3_F4_FC4.cache,1,0.117511667,98535,1474,1.495915157,51.10957004,8.40097195,98.50408484,0.117955887,0.012544597
Configuration_AF3_FC1_AF4_FC2.cache,1,0.287617691,99445,1479,1.487254261,51.28294036,8.478557422,98.51274574,0.292637739,0.032228219
Configuration_F1_AF7_F2_AF8.cache,1,0.209156256,97459,1450,1.487805128,50.27739251,8.309233524,98.51219487,0.21162667,0.026439436
Configuration_AF7_Fp2_AF8_Fp1.cache,1,0.420152252,98633,1460,1.48023481,50.62413315,8.409327308,98.51976519,0.428557928,0.090112149
Configuration_AF9_C4_AF10_C3.cache,1,0.331267214,101891,1502,1.474124309,52.08044383,8.68710035,98.52587569,0.334904071,0.030911004
Configuration_Fp1_F10_Fp2_F9.cache,1,0.382977794,98029,1433,1.461812321,49.68793343,8.357831017,98.53818768,0.390397524,0.042370644
Configuration_F1_F7_F2_F8.cache,1,0.218749513,103288,1498,1.450313686,51.94174757,8.806206838,98.54968631,0.221973383,0.024282128
Configuration_AF7_C6_AF8_C5.cache,1,0.391458455,101648,1464,1.440264442,50.7628294,8.666382471,98.55973556,0.387623828,0.050869596
Configuration_F5_F6_Fp1_Fp2.cache,1,0.333151955,99293,1431,1.441189208,49.6185853,8.46559809,98.55881079,0.345364396,0.086015026
Configuration_F7_F8_Fp1_Fp2.cache,1,0.333151955,99481,1431,1.438465637,49.6185853,8.481626737,98.56153436,0.345399424,0.086076697
Configuration_AF7_AF8_FC7_FC8.cache,1,0.430269439,103234,1474,1.427824166,51.10957004,8.801602865,98.57217583,0.419799064,0.056823499
Configuration_AF7_AF8_Fp1_Fp2.cache,1,0.333151955,100392,1431,1.425412383,49.6185853,8.559297468,98.57458762,0.345498359,0.086302776
Configuration_AF3_pre_r_AF4_pre_l.cache,1,0.426974307,108358,1538,1.419369128,53.32871012,9.238468753,98.58063087,0.430529766,0.033475592
Configuration_AF3_AF4_Fp1_Fp2.cache,1,0.318170912,102121,1449,1.418905024,50.24271845,8.706709864,98.58109498,0.330318211,0.086955754
Configuration_AF7_CP6_AF8_CP5.cache,1,0.355534997,105098,1477,1.405355002,51.21359223,8.960525194,98.594645,0.358285162,0.038830742
Configuration_F7_Fp2_F8_Fp1.cache,1,0.414673677,103525,1430,1.381308863,49.58391123,8.826413164,98.61869114,0.418456827,0.064292493
Configuration_F5_F10_F6_F9.cache,1,0.4491022,107220,1466,1.367282223,50.83217753,9.141444283,98.63271778,0.438194529,0.06083759
Configuration_F7_F8_AF7_AF8.cache,1,0.497495454,106875,1457,1.363274854,50.52011096,9.112030011,98.63672515,0.490232379,0.071560424
Configuration_AF7_CP8_AF8_CP7.cache,1,0.371553696,107928,1468,1.360166037,50.90152566,9.201807486,98.63983396,0.371037834,0.042111536
Configuration_AF7_pre_r_AF8_pre_l.cache,1,0.386911765,103883,1402,1.349595218,48.61303745,8.8569358,98.65040478,0.383228575,0.04673416
Configuration_F1_CP7_F2_CP8.cache,1,0.285169283,107347,1427,1.329333843,49.47988904,9.152272146,98.67066616,0.291014561,0.029384084
Configuration_AF9_AF10_FC7_FC8.cache,1,0.433364903,106965,1417,1.324732389,49.13314841,9.1197033,98.67526761,0.420755661,0.057489361
Configuration_AF7_P8_AF8_P7.cache,1,0.3463701,109289,1445,1.32218247,50.10402219,9.317844659,98.67781753,0.348471982,0.029927422
Configuration_Fp1_C6_Fp2_C5.cache,1,0.399855291,107140,1406,1.312301661,48.7517337,9.134623583,98.68769834,0.401088747,0.035342956
Configuration_Fp1_FC8_Fp2_FC7.cache,1,0.384795603,111121,1458,1.312083225,50.55478502,9.474038707,98.68791678,0.391633809,0.042457951
Configuration_Fp1_FT10_Fp2_FT9.cache,1,0.383546342,105991,1390,1.311432103,48.19694868,9.036661267,98.6885679,0.389213055,0.034714344
Configuration_AF3_C1_AF4_C2.cache,1,0.363190747,107626,1394,1.295226061,48.33564494,9.17605934,98.70477394,0.365870938,0.036205881
Configuration_AF9_AF10_FC5_FC6.cache,1,0.373658899,111520,1444,1.294835007,50.06934813,9.508056953,98.70516499,0.363036334,0.04993651
Configuration_F7_P7_F8_P8.cache,1,0.192872929,113827,1470,1.291433491,50.97087379,9.704748913,98.70856651,0.197575401,0.023141635
Configuration_F3_C3_F4_C4.cache,1,0.192763307,115970,1496,1.28998879,51.87239945,9.887458436,98.71001121,0.193736913,0.021144996
Configuration_AF7_PO9_AF8_PO10.cache,1,0.318090935,115221,1472,1.277544892,51.04022191,9.823599625,98.72245511,0.320099963,0.041432019
Configuration_AF9_F10_AF10_F9.cache,1,0.451402776,116129,1480,1.274444798,51.31761442,9.901014579,98.7255552,0.443804611,0.062294984
Configuration_AF9_AF10_F9_F10.cache,1,0.429431486,114025,1451,1.272527954,50.31206657,9.721630148,98.72747205,0.421307381,0.059132479
Configuration_F1_FC5_F2_FC6.cache,1,0.188870936,113073,1444,1.277051109,50.06934813,9.640463808,98.72294889,0.190937756,0.018116193
Configuration_F3_P9_F4_P10.cache,1,0.297549196,114650,1451,1.265590929,50.31206657,9.774916873,98.73440907,0.302187818,0.037174371
Configuration_Fp1_C4_Fp2_C3.cache,1,0.410765423,116298,1468,1.262274502,50.90152566,9.91542331,98.7377255,0.413365092,0.039301676
Configuration_AF7_FC8_AF8_FC7.cache,1,0.472453087,114596,1443,1.259206255,50.03467406,9.7703129,98.74079375,0.464542966,0.067162838
Configuration_AF3_AF4_C5_C6.cache,1,0.261917912,116107,1463,1.260044614,50.72815534,9.899138887,98.73995539,0.25755427,0.036904715
Configuration_Fp1_Fp2_CP5_CP6.cache,1,0.195284657,113347,1423,1.255436844,49.34119279,9.663824708,98.74456316,0.193840513,0.030657831
Configuration_Fp1_Fp2_FC3_FC4.cache,1,0.241157798,118455,1484,1.252796421,51.45631068,10.09932646,98.74720358,0.236125087,0.034633944
Configuration_AF9_FC8_AF10_FC7.cache,1,0.452277331,112245,1400,1.247271593,48.54368932,9.569869554,98.75272841,0.440059702,0.059227034
Configuration_AF3_Fp2_AF4_Fp1.cache,1,0.322415991,117073,1450,1.238543473,50.27739251,9.981498849,98.76145653,0.333444051,0.085278536
Configuration_AF7_P6_AF8_P5.cache,1,0.339529853,122223,1500,1.227264917,52.0110957,10.42058146,98.77273508,0.343092252,0.029390308
Configuration_F5_FT10_F6_FT9.cache,1,0.432565691,120267,1471,1.223111909,51.00554785,10.25381533,98.77688809,0.420542669,0.058061628
Configuration_F7_AF8_F8_AF7.cache,1,0.51112551,117700,1424,1.209855565,49.37586685,10.03495609,98.79014444,0.507246367,0.079608057
Configuration_AF7_P10_AF8_P9.cache,1,0.348383507,117333,1421,1.211082986,49.27184466,10.00366613,98.78891701,0.350224509,0.030422592
Configuration_F5_Fp2_F6_Fp1.cache,1,0.399232821,118667,1420,1.196625852,49.2371706,10.11740131,98.80337415,0.40272814,0.069098696
Configuration_AF3_AF8_AF4_AF7.cache,1,0.412594933,120879,1440,1.191273919,49.93065187,10.30599369,98.80872608,0.419639009,0.08715479
Configuration_Fp1_FC6_Fp2_FC5.cache,1,0.36488288,123163,1468,1.191916403,50.90152566,10.5007247,98.8080836,0.370432834,0.04175719
Configuration_F1_C5_F2_C6.cache,1,0.23033325,121508,1446,1.1900451,50.13869626,10.35962145,98.8099549,0.234332701,0.022849287
Configuration_F1_F2_P9_P10.cache,1,0.135298229,122286,1451,1.186562648,50.31206657,10.42595277,98.81343735,0.13668155,0.022577338
Configuration_F3_P5_F4_P6.cache,1,0.27111424,120619,1423,1.179747801,49.34119279,10.28382641,98.8202522,0.271958919,0.034070504
Configuration_AF3_P2_AF4_P1.cache,1,0.427824247,117347,1378,1.17429504,47.78085992,10.00485975,98.82570496,0.427745677,0.039387066
Configuration_AF9_C1_AF10_C2.cache,1,0.317388099,125740,1477,1.174646095,51.21359223,10.72043652,98.8253539,0.321404995,0.043920027
Configuration_AF9_FT10_AF10_FT9.cache,1,0.430544277,126997,1480,1.165381859,51.31761442,10.82760679,98.83461814,0.423604545,0.059240355
Configuration_AF3_AF4_FC7_FC8.cache,1,0.320276684,125171,1437,1.148029496,49.82662968,10.67192429,98.8519705,0.324701655,0.076865423
Configuration_F5_F6_FT9_FT10.cache,1,0.386677369,123624,1413,1.142981945,48.99445215,10.54002899,98.85701805,0.382058519,0.056474355
Configuration_F1_AF8_F2_AF7.cache,1,0.349838712,125741,1433,1.139644189,49.68793343,10.72052178,98.86035581,0.349767211,0.058295982
Configuration_F1_CP5_F2_CP6.cache,1,0.266821767,127342,1445,1.13473952,50.10402219,10.85702106,98.86526048,0.271239327,0.027004537
Configuration_AF9_CP8_AF10_CP7.cache,1,0.348913873,128657,1450,1.127027678,50.27739251,10.96913633,98.87297232,0.345907377,0.038234717
Configuration_AF9_pre_r_AF10_pre_l.cache,1,0.359592462,128792,1447,1.123516989,50.17337032,10.98064626,98.87648301,0.354514483,0.047156394
Configuration_AF7_FC6_AF8_FC5.cache,1,0.440124397,127758,1425,1.115390034,49.41054092,10.8924887,98.88460997,0.432719715,0.064267581
Configuration_AF3_CP8_AF4_CP7.cache,1,0.414418029,128458,1431,1.11398278,49.6185853,10.95216984,98.88601722,0.415732551,0.034303977
Configuration_AF9_CP1_AF10_CP2.cache,1,0.313828257,129446,1444,1.115523075,50.06934813,11.03640549,98.88447692,0.316366321,0.044552005
Configuration_F7_AF4_F8_AF3.cache,1,0.406197707,129269,1434,1.109314685,49.72260749,11.02131469,98.89068532,0.410478729,0.06306593
Configuration_AF3_F10_AF4_F9.cache,1,0.385961351,132601,1471,1.109343067,51.00554785,11.30539688,98.89065693,0.392662469,0.039753492
Configuration_F5_F6_AF7_AF8.cache,1,0.474489986,132321,1456,1.100354441,50.48543689,11.28152443,98.89964556,0.466859989,0.070581222
Configuration_F5_pre_r_F6_pre_l.cache,1,0.366754592,127171,1400,1.100879918,48.54368932,10.84244181,98.89912008,0.355822084,0.046857682
Configuration_F1_FC3_F2_FC4.cache,1,0.136492718,128244,1422,1.108823805,49.30651872,10.93392446,98.8911762,0.13885945,0.013308766
Configuration_F7_F10_F8_F9.cache,1,0.467921093,134317,1462,1.088469814,50.69348128,11.45170091,98.91153019,0.456137471,0.063207271
Configuration_AF3_AF4_FC5_FC6.cache,1,0.314668495,133326,1449,1.086809775,50.24271845,11.36720948,98.91319023,0.314490618,0.066337731
Configuration_F5_AF8_F6_AF7.cache,1,0.494392651,132110,1426,1.079403527,49.44521498,11.26353483,98.92059647,0.489415966,0.080491851
Configuration_F1_Fp2_F2_Fp1.cache,1,0.294212292,132897,1426,1.07301143,49.44521498,11.33063347,98.92698857,0.296726242,0.043212769
Configuration_AF9_P10_AF10_P9.cache,1,0.310486147,131088,1403,1.070273404,48.64771151,11.17640038,98.9297266,0.309549028,0.031343753
Configuration_F7_FC3_F8_FC4.cache,1,0.154579784,135171,1433,1.060138639,49.68793343,11.52451189,98.93986136,0.155794368,0.018920759
Configuration_AF9_P8_AF10_P7.cache,1,0.312202092,142067,1489,1.048097025,51.629681,12.1124563,98.95190298,0.314590037,0.031197316
Configuration_AF9_AF10_FT9_FT10.cache,1,0.386677369,136100,1418,1.04188097,49.16782247,11.60371728,98.95811903,0.382612184,0.056876088
Configuration_Fp1_FC4_Fp2_FC3.cache,1,0.359779934,142022,1475,1.038571489,51.14424411,12.10861966,98.96142851,0.362316662,0.036963735
Configuration_F3_Fp2_F4_Fp1.cache,1,0.342062112,138850,1442,1.038530789,50,11.83817887,98.96146921,0.349704824,0.066565035
Configuration_AF3_FT10_AF4_FT9.cache,1,0.397141291,133903,1386,1.035077631,48.05825243,11.41640379,98.96492237,0.401084008,0.03442087
Configuration_F1_P7_F2_P8.cache,1,0.311210358,138366,1433,1.035659049,49.68793343,11.79691363,98.96434095,0.316887661,0.034093971
Configuration_F9_FC6_F10_FC5.cache,1,0.391852197,144100,1484,1.029840389,51.45631068,12.28578736,98.97015961,0.380512393,0.051299817
Configuration_F7_F8_AF3_AF4.cache,1,0.321451024,140051,1434,1.023912718,49.72260749,11.94057464,98.97608728,0.331781441,0.087746151
Configuration_Fp1_C2_Fp2_C1.cache,1,0.414710181,137485,1405,1.021929665,48.71705964,11.72180067,98.97807033,0.417001916,0.042017636
Configuration_F3_F10_F4_F9.cache,1,0.389624313,140001,1424,1.017135592,49.37586685,11.93631171,98.98286441,0.382999594,0.044910322
Configuration_F7_pre_r_F8_pre_l.cache,1,0.374714924,146486,1485,1.013748754,51.49098474,12.48921477,98.98625125,0.367115749,0.049206308
Configuration_F3_AF8_F4_AF7.cache,1,0.431383659,141635,1434,1.012461609,49.72260749,12.07562452,98.98753839,0.429432769,0.075204118
Configuration_F3_F4_AF3_AF4.cache,1,0.319035177,141594,1435,1.013461022,49.75728155,12.07212891,98.98653898,0.325211566,0.078423588
Configuration_AF3_AF4_AF7_AF8.cache,1,0.321451024,141590,1434,1.012783389,49.72260749,12.07178788,98.98721661,0.331802626,0.08780619
Configuration_AF9_CP4_AF10_CP3.cache,1,0.317602748,145373,1470,1.011191899,50.97087379,12.39432177,98.9888081,0.323917061,0.033997858
Configuration_F9_C3_F10_C4.cache,1,0.196883483,142265,1440,1.012195551,49.93065187,12.12933754,98.98780445,0.199902277,0.029937972
Configuration_F5_F6_AF3_AF4.cache,1,0.321451024,142320,1434,1.007588533,49.72260749,12.13402677,98.99241147,0.331787749,0.087763226
Configuration_F1_P9_F2_P10.cache,1,0.332123426,145479,1462,1.004956042,50.69348128,12.4033592,98.99504396,0.340347299,0.037435268
Configuration_AF3_FC8_AF4_FC7.cache,1,0.379204323,144184,1441,0.999417411,49.96532594,12.2929491,99.00058259,0.384387219,0.043260644
Configuration_F7_pre_l_F8_pre_r.cache,1,0.140597194,146833,1478,1.006585713,51.2482663,12.51879956,98.99341429,0.145744294,0.017907043
Configuration_F1_C3_F2_C4.cache,1,0.217340564,143694,1424,0.990994753,49.37586685,12.25117231,99.00900525,0.220412191,0.021751644
Configuration_F9_F10_FC5_FC6.cache,1,0.373658899,146875,1444,0.983148936,50.06934813,12.52238042,99.01685106,0.363027228,0.04995449
Configuration_F1_F5_F2_F6.cache,1,0.155289712,150058,1479,0.985618894,51.28294036,12.79375906,99.01438111,0.158056022,0.017957472
Configuration_F5_F6_F7_F8.cache,1,0.474489986,150833,1468,0.973261819,50.90152566,12.8598346,99.02673818,0.467196264,0.070568791
Configuration_F1_AF10_F2_AF9.cache,1,0.366365357,152713,1487,0.973721949,51.56033287,13.02012107,99.02627805,0.368202077,0.038657175
Configuration_Fp1_FC2_Fp2_FC1.cache,1,0.361634199,151546,1473,0.971982104,51.07489598,12.92062409,99.0280179,0.365659878,0.03952967
Configuration_F9_P7_F10_P8.cache,1,0.165557451,148505,1443,0.971684455,50.03467406,12.6613522,99.02831554,0.171216035,0.02766785
Configuration_AF7_C4_AF8_C3.cache,1,0.345545927,150858,1451,0.961831656,50.31206657,12.86196607,99.03816834,0.347316249,0.040496125
Configuration_F5_F6_FC7_FC8.cache,1,0.430269439,150922,1442,0.955460437,50,12.86742263,99.04453956,0.419206131,0.057094357
Configuration_F3_CP3_F4_CP4.cache,1,0.230314862,151045,1450,0.959978814,50.27739251,12.87790946,99.04002119,0.230445074,0.02725314
Configuration_F5_AF4_F6_AF3.cache,1,0.387542622,152280,1454,0.954820068,50.41608877,12.98320402,99.04517993,0.393450569,0.070308705
Configuration_AF3_CP6_AF4_CP5.cache,1,0.407518811,144417,1367,0.946564463,47.39944522,12.31281439,99.05343554,0.407607607,0.035112505
Configuration_F7_F8_F9_F10.cache,1,0.429431486,153467,1452,0.946131742,50.34674064,13.08440617,99.05386826,0.421400903,0.059239509
Configuration_F1_F3_F2_F4.cache,1,0.077252023,150463,1441,0.957710533,49.96532594,12.82828886,99.04228947,0.07661474,0.01042058
Configuration_AF7_FC4_AF8_FC3.cache,1,0.374689282,152403,1440,0.94486329,49.93065187,12.99369085,99.05513671,0.37165667,0.054804505
Configuration_AF9_PO9_AF10_PO10.cache,1,0.264873816,151676,1433,0.944777025,49.68793343,12.93170773,99.05522298,0.269471694,0.044686894
Configuration_F1_F8_F2_F7.cache,1,0.340930388,153741,1439,0.935989749,49.89597781,13.10776707,99.06401025,0.336080053,0.042708691
Configuration_F7_FT10_F8_FT9.cache,1,0.44834627,156790,1451,0.925441674,50.31206657,13.36772103,99.07455833,0.436749989,0.060024559
Configuration_F5_F8_F6_F7.cache,1,0.485888358,156106,1443,0.924371901,50.03467406,13.30940404,99.0756281,0.475332692,0.06867301
Configuration_AF7_PO8_AF8_PO7.cache,1,0.341215221,151437,1401,0.925137186,48.57836338,12.91133089,99.07486281,0.344460037,0.032110118
Configuration_F7_P5_F8_P6.cache,1,0.199600208,163625,1504,0.919174943,52.14979196,13.95046466,99.08082506,0.203249943,0.022198186
Configuration_F1_F2_Fp1_Fp2.cache,1,0.189614735,157819,1449,0.918140401,50.24271845,13.4554523,99.0818596,0.191676774,0.037972692
Configuration_AF3_AF4_P9_P10.cache,1,0.135667312,158042,1448,0.916212146,50.20804438,13.474465,99.08378785,0.138316782,0.024474583
Configuration_F5_P7_F6_P8.cache,1,0.201872954,162016,1474,0.909786688,51.10957004,13.81328331,99.09021331,0.210759774,0.028958918
Configuration_AF3_CP4_AF4_CP3.cache,1,0.403235857,155008,1391,0.897373039,48.23162275,13.21578992,99.10262696,0.403737043,0.036645757
Configuration_F9_pre_l_F10_pre_r.cache,1,0.082397967,158670,1440,0.907543959,49.93065187,13.5280075,99.09245604,0.083595031,0.010298713
Configuration_AF7_FC1_AF8_FC2.cache,1,0.248806027,152668,1367,0.895407027,47.39944522,13.01628442,99.10459297,0.251618203,0.028078548
Configuration_AF9_P6_AF10_P5.cache,1,0.308697116,163152,1451,0.889354712,50.31206657,13.91013727,99.11064529,0.313986812,0.033991204
Configuration_AF3_CP2_AF4_CP1.cache,1,0.398944959,166730,1478,0.886463144,51.2482663,14.21519311,99.11353686,0.401433793,0.037379509
Configuration_AF3_AF4_CP5_CP6.cache,1,0.194984738,161023,1433,0.889934978,49.68793343,13.72862137,99.11006502,0.193482146,0.030126353
Configuration_F7_P10_F8_P9.cache,1,0.317214973,158951,1408,0.885807576,48.82108183,13.55196521,99.11419242,0.309448391,0.039237274
Configuration_F7_CP6_F8_CP5.cache,1,0.342084525,165590,1465,0.884715261,50.79750347,14.11799812,99.11528474,0.333462533,0.04407984
Configuration_Fp1_Fp2_C3_C4.cache,1,0.18076681,165111,1465,0.887281889,50.79750347,14.07715918,99.11271811,0.177950727,0.026229268
Configuration_Fp1_Fp2_P9_P10.cache,1,0.135667312,163358,1448,0.886396748,50.20804438,13.92770057,99.11360325,0.138316782,0.024474583
Configuration_AF3_AF4_FC3_FC4.cache,1,0.241157798,166329,1461,0.878379597,50.65880721,14.18100435,99.1216204,0.235649159,0.034568885
Configuration_F1_P5_F2_P6.cache,1,0.300776819,169963,1482,0.871954484,51.38696255,14.49083468,99.12804552,0.306276562,0.032445278
Configuration_F3_F4_AF7_AF8.cache,1,0.353525466,166976,1447,0.866591606,50.17337032,14.23616677,99.13340839,0.353479324,0.064966708
Configuration_F3_F8_F4_F7.cache,1,0.423652662,163799,1416,0.864474142,49.09847434,13.96529968,99.13552586,0.415333081,0.061877553
Configuration_AF7_CP1_AF8_CP2.cache,1,0.304872271,164162,1420,0.864999208,49.2371706,13.99624861,99.13500079,0.30519831,0.033669696
Configuration_AF3_C6_AF4_C5.cache,1,0.374208822,161219,1382,0.857219062,47.91955617,13.74533208,99.14278094,0.375527341,0.032603898
Configuration_F1_AF4_F2_AF3.cache,1,0.253866078,168808,1436,0.850670584,49.79195562,14.39236082,99.14932942,0.262046153,0.058129313
Configuration_F3_FT10_F4_FT9.cache,1,0.371957301,171839,1452,0.844976984,50.34674064,14.65078012,99.15502302,0.366626738,0.040390631
Configuration_F1_CP3_F2_CP4.cache,1,0.257618476,168908,1432,0.847798802,49.65325936,14.40088669,99.1522012,0.259964226,0.025694905
Configuration_AF3_FC6_AF4_FC5.cache,1,0.351143205,170595,1436,0.841759723,49.79195562,14.54471822,99.15824028,0.356214759,0.04627861
Configuration_AF7_PO3_AF8_PO4.cache,1,0.32644871,167933,1414,0.842002465,49.02912621,14.3177594,99.15799753,0.327114601,0.039110366
Configuration_F5_FC8_F6_FC7.cache,1,0.449414955,174800,1464,0.837528604,50.7628294,14.90323131,99.1624714,0.439232959,0.061625951
Configuration_F3_F4_FC7_FC8.cache,1,0.35462321,170477,1425,0.835889885,49.41054092,14.53465769,99.16411011,0.351695718,0.062597284
Configuration_F9_FC4_F10_FC3.cache,1,0.330277351,166971,1394,0.834875517,48.33564494,14.23574047,99.16512448,0.32256606,0.035207683
Configuration_F9_F10_FC7_FC8.cache,1,0.424078512,173563,1446,0.833126876,50.13869626,14.79776622,99.16687312,0.415042086,0.057727465
Configuration_F3_AF4_F4_AF3.cache,1,0.330842044,173543,1447,0.833799116,50.17337032,14.79606105,99.16620088,0.33910505,0.073607569
Configuration_AF7_C1_AF8_C2.cache,1,0.287720245,168605,1398,0.829156905,48.47434119,14.37505329,99.17084309,0.288043504,0.031472367
Configuration_AF7_CP4_AF8_CP3.cache,1,0.332065175,178157,1475,0.82792144,51.14424411,15.18944497,99.17207856,0.336492257,0.030848035
Configuration_F5_C3_F6_C4.cache,1,0.155787595,173967,1442,0.828892836,50,14.83221076,99.17110716,0.157429171,0.015611363
Configuration_F9_FC1_F10_FC2.cache,1,0.259359523,174574,1438,0.823719454,49.86130374,14.88396283,99.17628055,0.26230086,0.032515581
Configuration_F5_FC3_F6_FC4.cache,1,0.118212968,167461,1385,0.82705824,48.02357836,14.27751726,99.17294176,0.118839172,0.01178575
Configuration_F7_C3_F8_C4.cache,1,0.165636064,176363,1453,0.823868952,50.3814147,15.03649075,99.17613105,0.168420924,0.017857416
Configuration_AF3_C4_AF4_C3.cache,1,0.36975067,183084,1491,0.814380284,51.69902913,15.60951488,99.18561972,0.372754477,0.034064737
Configuration_AF7_AF8_FC5_FC6.cache,1,0.373658899,179693,1444,0.803592794,50.06934813,15.32040242,99.19640721,0.363034498,0.04993262
Configuration_F3_PO7_F4_PO8.cache,1,0.289038745,180994,1450,0.801131529,50.27739251,15.43132407,99.19886847,0.291528207,0.037971836
Configuration_F1_F6_F2_F5.cache,1,0.322118227,179732,1432,0.796741816,49.65325936,15.32372751,99.20325818,0.317157399,0.047991366
Configuration_F7_P8_F8_P7.cache,1,0.3136997,182708,1456,0.796899972,50.48543689,15.57745758,99.20310003,0.306654765,0.038724226
Configuration_F1_F2_AF9_AF10.cache,1,0.189614735,182730,1449,0.792973239,50.24271845,15.57933328,99.20702676,0.191676774,0.037972692
Configuration_F1_F2_CP7_CP8.cache,1,0.187525572,184866,1454,0.786515638,50.41608877,15.76144599,99.21348436,0.186308078,0.032547593
Configuration_AF9_AF10_FC3_FC4.cache,1,0.242905318,180050,1405,0.780338795,48.71705964,15.3508398,99.21966121,0.236512762,0.034968479
Configuration_F7_FC4_F8_FC3.cache,1,0.363297499,182728,1417,0.77546955,49.13314841,15.57916276,99.22453045,0.352569693,0.047212297
Configuration_F7_C6_F8_C5.cache,1,0.377220518,187179,1440,0.769317071,49.93065187,15.9586495,99.23068293,0.36704208,0.049101684
Configuration_F1_FC1_F2_FC2.cache,1,0.121702883,188391,1464,0.777107187,50.7628294,16.06198312,99.22289281,0.123588514,0.012361825
Configuration_AF3_FC2_AF4_FC1.cache,1,0.294569562,195255,1458,0.746715833,50.55478502,16.64719925,99.25328417,0.29799366,0.031054633
Configuration_F3_F4_F7_F8.cache,1,0.353525466,194897,1447,0.742443444,50.17337032,16.61667661,99.25755656,0.353479324,0.064966708
Configuration_F9_pre_r_F10_pre_l.cache,1,0.322533999,199092,1474,0.74036124,51.10957004,16.97433711,99.25963876,0.320535906,0.045668058
Configuration_F7_FC8_F8_FC7.cache,1,0.463099065,190384,1402,0.736406421,48.61303745,16.23190383,99.26359358,0.449730508,0.060723218
Configuration_F7_FC6_F8_FC5.cache,1,0.425829364,193302,1423,0.73615379,49.34119279,16.48068889,99.26384621,0.413127222,0.055822644
Configuration_F9_FC8_F10_FC7.cache,1,0.421319437,199120,1463,0.734732824,50.72815534,16.97672436,99.26526718,0.410205557,0.057499546
Configuration_AF7_AF8_pre_l_pre_r.cache,1,0.250299713,194945,1434,0.73559209,49.72260749,16.62076903,99.26440791,0.252173133,0.040391843
Configuration_AF9_FC2_AF10_FC1.cache,1,0.340952601,204347,1497,0.73257743,51.90707351,17.4223719,99.26742257,0.345998307,0.036539163
Configuration_F9_FT10_F10_FT9.cache,1,0.40027427,200030,1459,0.729390591,50.58945908,17.05430983,99.27060941,0.395289871,0.057205013
Configuration_AF7_O1_AF8_O2.cache,1,0.331308594,195143,1422,0.728696392,49.30651872,16.63765027,99.27130361,0.333196219,0.040976282
Configuration_F3_FC8_F4_FC7.cache,1,0.388511612,202184,1470,0.727060499,50.97087379,17.2379572,99.2729395,0.381521072,0.053369213
Configuration_F7_F8_FT9_FT10.cache,1,0.386677369,196155,1418,0.722897708,49.16782247,16.72393213,99.27710229,0.382650054,0.056948219
Configuration_F3_F6_F4_F5.cache,1,0.40416601,201796,1433,0.710123095,49.68793343,17.2048768,99.28987691,0.398883955,0.063981171
Configuration_F7_CP8_F8_CP7.cache,1,0.35767456,210367,1495,0.710662794,51.83772538,17.93562964,99.28933721,0.349500251,0.046718564
Configuration_AF3_FC4_AF4_FC3.cache,1,0.308298275,202147,1432,0.708395376,49.65325936,17.23480263,99.29160462,0.312694453,0.037914686
Configuration_AF9_P1_AF10_P2.cache,1,0.307823242,200984,1420,0.706523902,49.2371706,17.13564669,99.2934761,0.310356696,0.045559261
Configuration_AF3_C2_AF4_C1.cache,1,0.365703435,202864,1424,0.701948103,49.37586685,17.29593316,99.2980519,0.367552078,0.035606415
Configuration_AF9_PO3_AF10_PO4.cache,1,0.297739701,207081,1451,0.700692,50.31206657,17.65546935,99.299308,0.3024367,0.046381737
Configuration_F1_PO7_F2_PO8.cache,1,0.32180344,209052,1461,0.698869181,50.65880721,17.82351437,99.30113082,0.326714187,0.035839216
Configuration_F9_C6_F10_C5.cache,1,0.338909449,200873,1397,0.695464298,48.43966713,17.12618297,99.3045357,0.330707062,0.045000656
Configuration_F9_F10_FT9_FT10.cache,1,0.386677369,205599,1418,0.68969207,49.16782247,17.52911587,99.31030793,0.382650054,0.056948219
Configuration_AF7_PO10_AF8_PO9.cache,1,0.341685861,212374,1459,0.686995583,50.58945908,18.10674397,99.31300442,0.347026515,0.032790429
Configuration_AF7_P1_AF8_P2.cache,1,0.317642975,211213,1452,0.687457685,50.34674064,18.00775855,99.31254232,0.319076928,0.036215245
Configuration_Fp1_Fp2_P7_P8.cache,1,0.131944528,213102,1475,0.692156808,51.14424411,18.16881235,99.30784319,0.134538134,0.024054076
Configuration_AF7_FC2_AF8_FC1.cache,1,0.313280277,207677,1422,0.684717133,49.30651872,17.70628357,99.31528287,0.314924328,0.041307904
Configuration_F1_F2_AF3_AF4.cache,1,0.189614735,211833,1449,0.684029401,50.24271845,18.06061898,99.3159706,0.191676774,0.037972692
Configuration_F1_F2_F9_F10.cache,1,0.189614735,212285,1449,0.682572956,50.24271845,18.09915594,99.31742704,0.191676774,0.037972692
Configuration_F1_F2_FT9_FT10.cache,1,0.189614735,212444,1449,0.682062096,50.24271845,18.11271208,99.3179379,0.191676774,0.037972692
Configuration_F7_C4_F8_C3.cache,1,0.33077799,204981,1386,0.676160229,48.05825243,17.47642595,99.32383977,0.32169746,0.041755338
Configuration_F7_FC2_F8_FC1.cache,1,0.298126815,216216,1461,0.675713176,50.65880721,18.43430813,99.32428682,0.292142348,0.035163431
Configuration_F1_F2_CP5_CP6.cache,1,0.179035531,215312,1460,0.678085755,50.62413315,18.35723421,99.32191425,0.176081619,0.026873042
Configuration_F5_CP8_F6_CP7.cache,1,0.349996632,210038,1399,0.666069949,48.50901526,17.9075795,99.33393005,0.340265383,0.04563921
Configuration_F1_C1_F2_C2.cache,1,0.207368549,223351,1496,0.669797762,51.87239945,19.04262938,99.33020224,0.209806601,0.020416956
Configuration_F7_CP3_F8_CP4.cache,1,0.191157519,212883,1426,0.669851515,49.44521498,18.15014068,99.33014849,0.192862022,0.019335498
Configuration_F5_P5_F6_P6.cache,1,0.202880026,222193,1483,0.667437768,51.42163662,18.94389974,99.33256223,0.210724457,0.02625871
Configuration_F1_F10_F2_F9.cache,1,0.327308564,217093,1437,0.661928298,49.82662968,18.50908006,99.3380717,0.330410864,0.028476751
Configuration_F7_F8_FC7_FC8.cache,1,0.433364903,215643,1422,0.659423213,49.30651872,18.38545486,99.34057679,0.421185379,0.058010631
Configuration_AF9_AF10_C5_C6.cache,1,0.273344472,223275,1475,0.660620311,51.14424411,19.03614971,99.33937969,0.269425196,0.039584008
Configuration_AF3_AF4_C3_C4.cache,1,0.18076681,220843,1465,0.663367188,50.79750347,18.82880041,99.33663281,0.177955836,0.026244152
Configuration_F7_CP4_F8_CP3.cache,1,0.306628947,215069,1408,0.654673616,48.82108183,18.33651633,99.34532638,0.298735025,0.037297276
Configuration_F1_F4_F2_F3.cache,1,0.261236562,222907,1453,0.651841351,50.3814147,19.00477449,99.34815865,0.262169246,0.04717117
Configuration_F5_FC2_F6_FC1.cache,1,0.277171851,222671,1449,0.650735839,50.24271845,18.98465342,99.34926416,0.272875396,0.037739594
Configuration_AF7_P4_AF8_P3.cache,1,0.334374332,215445,1388,0.644247952,48.12760055,18.36857362,99.35575205,0.335602015,0.029972536
Configuration_F7_P6_F8_P5.cache,1,0.302048825,220624,1420,0.64362898,49.2371706,18.81012874,99.35637102,0.294685693,0.036214338
Configuration_F3_F4_F5_F6.cache,1,0.353525466,226318,1447,0.639365848,50.17337032,19.29559212,99.36063415,0.353479324,0.064966708
Configuration_F3_F4_FC5_FC6.cache,1,0.349976293,223953,1428,0.637633789,49.51456311,19.09395515,99.36236621,0.341317731,0.054343394
Configuration_F1_pre_r_F2_pre_l.cache,1,0.347852022,219219,1393,0.635437622,48.30097087,18.69034018,99.36456238,0.348693657,0.030742106
Configuration_F5_P10_F6_P9.cache,1,0.305996366,230021,1461,0.635159398,50.65880721,19.61130531,99.3648406,0.301126354,0.035166378
Configuration_F1_FC8_F2_FC7.cache,1,0.308941468,220308,1387,0.629573143,48.09292649,18.78318697,99.37042686,0.305817324,0.030169146
Configuration_F5_CP3_F6_CP4.cache,1,0.185385725,235548,1480,0.628322041,51.31761442,20.08253048,99.37167796,0.188972101,0.019480675
Configuration_AF9_AF10_pre_l_pre_r.cache,1,0.250299713,229186,1434,0.625692669,49.72260749,19.54011425,99.37430733,0.252173133,0.040391843
Configuration_F3_PO9_F4_PO10.cache,1,0.306171192,226709,1407,0.620619384,48.78640777,19.3289283,99.37938062,0.309413335,0.040476193
Configuration_F5_CP6_F6_CP5.cache,1,0.331421518,236653,1454,0.614401677,50.41608877,20.17674141,99.38559832,0.323205193,0.043436092
Configuration_F5_P8_F6_P7.cache,1,0.304486369,228821,1404,0.613580047,48.68238558,19.5089948,99.38641995,0.297345814,0.035968017
Configuration_F5_FC1_F6_FC2.cache,1,0.165378341,243611,1506,0.618198686,52.21914008,20.76997186,99.38180131,0.165822432,0.018063706
Configuration_F5_FC4_F6_FC3.cache,1,0.344115238,239824,1466,0.611281607,50.83217753,20.44709694,99.38871839,0.336522224,0.048329622
Configuration_F1_PO9_F2_PO10.cache,1,0.340782361,239522,1462,0.610382345,50.69348128,20.42134879,99.38961766,0.347413635,0.03897906
Configuration_F9_F10_FC3_FC4.cache,1,0.242905318,235055,1405,0.597732446,48.71705964,20.04049791,99.40226755,0.236512762,0.034968479
Configuration_F9_P5_F10_P6.cache,1,0.178707051,238256,1429,0.599775032,49.54923717,20.3134112,99.40022497,0.183408328,0.029031651
Configuration_F7_P9_F8_P10.cache,1,0.191360145,249687,1491,0.597147629,51.69902913,21.28800409,99.40285237,0.197437723,0.024694004
Configuration_F1_F2_AF7_AF8.cache,1,0.189614735,244482,1449,0.59268167,50.24271845,20.84423224,99.40731833,0.191676774,0.037972692
Configuration_F1_FT10_F2_FT9.cache,1,0.325664534,231161,1344,0.581412955,46.60194175,19.7085003,99.41858705,0.327757053,0.026640629
Configuration_F5_FC6_F6_FC5.cache,1,0.412622665,252554,1452,0.57492655,50.34674064,21.53244096,99.42507345,0.402225961,0.056689886
Configuration_F5_F6_pre_l_pre_r.cache,1,0.250299713,247965,1434,0.578307422,49.72260749,21.14118851,99.42169258,0.252173133,0.040391843
Configuration_AF7_O9_AF8_O10.cache,1,0.3308542,248208,1428,0.575323922,49.51456311,21.16190639,99.42467608,0.333948682,0.04267068
Configuration_F5_C6_F6_C5.cache,1,0.367857758,250748,1438,0.573484135,49.86130374,21.37846364,99.42651586,0.358271342,0.04936117
Configuration_F3_pre_r_F4_pre_l.cache,1,0.320198404,236805,1360,0.574312198,47.15672677,20.18970074,99.4256878,0.320935347,0.025916356
Configuration_F9_CP3_F10_CP4.cache,1,0.198055182,245851,1420,0.577585611,49.2371706,20.96095149,99.42241439,0.200718636,0.030731249
Configuration_AF3_AF4_P7_P8.cache,1,0.131944528,254286,1475,0.580055528,51.14424411,21.68010913,99.41994447,0.134538134,0.024054076
Configuration_F1_F2_C5_C6.cache,1,0.189614735,250921,1449,0.577472591,50.24271845,21.3932134,99.42252741,0.191654549,0.037926048
Configuration_AF9_PO8_AF10_PO7.cache,1,0.298729898,252445,1441,0.570817406,49.96532594,21.52314775,99.42918259,0.306184285,0.036787453
Configuration_F3_FC1_F4_FC2.cache,1,0.124518175,253611,1460,0.575684809,50.62413315,21.62255947,99.42431519,0.126559974,0.01388383
Configuration_F3_FC2_F4_FC1.cache,1,0.229681881,254265,1446,0.568698012,50.13869626,21.6783187,99.43130199,0.227169643,0.038018747
Configuration_F1_P3_F2_P4.cache,1,0.290751326,262213,1484,0.565952108,51.45631068,22.35595532,99.43404789,0.294031178,0.030873712
Configuration_F1_F2_C3_C4.cache,1,0.17511554,249106,1409,0.565622667,48.85575589,21.23846875,99.43437733,0.170498033,0.024869098
Configuration_F1_F2_FC7_FC8.cache,1,0.189614735,257215,1449,0.563341951,50.24271845,21.92983204,99.43665805,0.191676774,0.037972692
Configuration_F1_F2_F7_F8.cache,1,0.189614735,257677,1449,0.562331912,50.24271845,21.96922159,99.43766809,0.191676774,0.037972692
Configuration_F7_FC1_F8_FC2.cache,1,0.192565792,252061,1411,0.559785131,48.92510402,21.49040839,99.44021487,0.194726129,0.019952131
Configuration_F1_F2_FC3_FC4.cache,1,0.189614735,259121,1449,0.559198212,50.24271845,22.09233524,99.44080179,0.191671558,0.037960921
Configuration_Fp1_Fp2_FC1_FC2.cache,1,0.116426707,260571,1464,0.561843029,50.7628294,22.21596044,99.43815697,0.114994032,0.017792326
Configuration_F1_F2_FC5_FC6.cache,1,0.189614735,259926,1449,0.557466356,50.24271845,22.16096854,99.44253364,0.191676774,0.037972692
Configuration_F1_F2_F5_F6.cache,1,0.189614735,260162,1449,0.556960663,50.24271845,22.18108961,99.44303934,0.191676774,0.037972692
Configuration_F1_F2_F3_F4.cache,1,0.189614735,260394,1449,0.556464435,50.24271845,22.20086964,99.44353557,0.191676774,0.037972692
Configuration_AF7_AF8_C5_C6.cache,1,0.273344472,268228,1475,0.549905304,51.14424411,22.86878677,99.4500947,0.269425196,0.039584008
Configuration_F3_P3_F4_P4.cache,1,0.260817377,266482,1463,0.549005186,50.72815534,22.71992497,99.45099481,0.261905717,0.033306156
Configuration_F3_FC6_F4_FC5.cache,1,0.361525202,261059,1423,0.545087509,49.34119279,22.25756672,99.45491249,0.353519817,0.054024921
Configuration_F1_F2_P7_P8.cache,1,0.132051071,264090,1457,0.551705858,50.52011096,22.51598602,99.44829414,0.133449086,0.022484603
Configuration_F9_C4_F10_C3.cache,1,0.293120034,268316,1463,0.545252613,50.72815534,22.87628954,99.45474739,0.289775475,0.033432057
Configuration_F1_FC6_F2_FC5.cache,1,0.277697507,266476,1452,0.544889596,50.34674064,22.71941342,99.4551104,0.274477418,0.034980617
Configuration_F3_F4_CP7_CP8.cache,1,0.226264359,261292,1426,0.545749583,49.44521498,22.27743201,99.45425042,0.227078475,0.037730831
Configuration_F3_F4_C5_C6.cache,1,0.274093642,264781,1439,0.543467998,49.89597781,22.57489982,99.456532,0.269014976,0.039037133
Configuration_F9_CP6_F10_CP5.cache,1,0.300957404,262624,1414,0.538412331,49.02912621,22.39099667,99.46158767,0.296259203,0.039523552
Configuration_AF9_C2_AF10_C1.cache,1,0.331862891,264846,1415,0.534272747,49.06380028,22.58044164,99.46572725,0.33480759,0.039276727
Configuration_F3_C1_F4_C2.cache,1,0.190434999,268592,1427,0.531289093,49.47988904,22.89982096,99.46871091,0.190578228,0.020596399
Configuration_F5_P9_F6_P10.cache,1,0.210203756,271094,1437,0.530074439,49.82662968,23.11313838,99.46992556,0.219133845,0.033140197
Configuration_Fp1_Fp2_CP3_CP4.cache,1,0.127354914,266309,1421,0.533590678,49.27184466,22.70517521,99.46640932,0.126077907,0.020147611
Configuration_AF9_O1_AF10_O2.cache,1,0.290446602,271763,1419,0.522146135,49.20249653,23.17017649,99.47785387,0.295135965,0.046484264
Configuration_F9_CP8_F10_CP7.cache,1,0.31322448,279164,1454,0.520840796,50.41608877,23.80117657,99.4791592,0.309491329,0.043863799
Configuration_F7_F8_pre_l_pre_r.cache,1,0.250299713,274576,1434,0.522259775,49.72260749,23.41000938,99.47774022,0.252173133,0.040391843
Configuration_AF7_AF8_FC3_FC4.cache,1,0.242905318,269542,1405,0.521254573,48.71705964,22.98081678,99.47874543,0.236512762,0.034968479
Configuration_AF9_PO10_AF10_PO9.cache,1,0.295833493,270060,1387,0.513589573,48.09292649,23.02498082,99.48641043,0.299093089,0.033674096
Configuration_F7_PO7_F8_PO8.cache,1,0.214461633,274733,1416,0.515409507,49.09847434,23.423395,99.48459049,0.216803084,0.024299091
Configuration_F7_F8_FC5_FC6.cache,1,0.373658899,282636,1444,0.510904485,50.06934813,24.09719499,99.48909552,0.363036699,0.049937306
Configuration_F1_CP1_F2_CP2.cache,1,0.251346211,269855,1383,0.512497452,47.95423024,23.00750277,99.48750255,0.251789981,0.024884307
Configuration_F9_P9_F10_P10.cache,1,0.148489723,284794,1426,0.500712796,49.44521498,24.28118339,99.4992872,0.154828564,0.023488905
Configuration_F1_CP8_F2_CP7.cache,1,0.29669568,307136,1516,0.493592415,52.56588072,26.18603462,99.50640758,0.299258065,0.025945235
Configuration_F5_F6_FC5_FC6.cache,1,0.373658899,295952,1444,0.48791696,50.06934813,25.23250064,99.51208304,0.363036699,0.049937306
Configuration_F5_C4_F6_C3.cache,1,0.316102557,303135,1481,0.488561202,51.35228849,25.84491431,99.5114388,0.309488424,0.042348408
Configuration_F3_FC4_F4_FC3.cache,1,0.296154361,295317,1438,0.486934379,49.86130374,25.17836133,99.51306562,0.29138132,0.048383189
Configuration_F9_P10_F10_P9.cache,1,0.271090006,291405,1421,0.48763748,49.27184466,24.84482906,99.51236252,0.267641626,0.036864095
Configuration_AF9_P4_AF10_P3.cache,1,0.310574231,297853,1439,0.483124226,49.89597781,25.39457754,99.51687577,0.316701203,0.039648742
Configuration_F9_F10_pre_l_pre_r.cache,1,0.250299713,295877,1434,0.484660856,49.72260749,25.22610623,99.51533914,0.252173133,0.040391843
Configuration_AF9_O9_AF10_O10.cache,1,0.277734092,300254,1411,0.469935455,48.92510402,25.59928383,99.53006455,0.28336993,0.045931611
Configuration_F7_C1_F8_C2.cache,1,0.207221648,314852,1484,0.471332563,51.45631068,26.84389121,99.52866744,0.208017494,0.019681115
Configuration_F5_C1_F6_C2.cache,1,0.19194563,307742,1444,0.46922422,50.06934813,26.23770142,99.53077578,0.19203661,0.019534463
Configuration_AF9_CP2_AF10_CP1.cache,1,0.321592571,314613,1460,0.464062197,50.62413315,26.82351437,99.5359378,0.326415747,0.040544533
Configuration_AF9_AF10_CP7_CP8.cache,1,0.226264359,305510,1426,0.466760499,49.44521498,26.04740387,99.5332395,0.227078475,0.037730831
Configuration_AF7_C2_AF8_C1.cache,1,0.312564006,303132,1389,0.458216223,48.16227462,25.84465854,99.54178378,0.315774413,0.029701719
Configuration_AF7_AF8_CP7_CP8.cache,1,0.226264359,313052,1426,0.455515378,49.44521498,26.69042544,99.54448462,0.227078475,0.037730831
Configuration_F3_CP1_F4_CP2.cache,1,0.227360314,307990,1398,0.453910841,48.47434119,26.2588456,99.54608916,0.226088769,0.026901196
Configuration_F7_C2_F8_C1.cache,1,0.27977196,321240,1447,0.450442037,50.17337032,27.38852417,99.54955796,0.274214766,0.031946041
Configuration_Fp1_Fp2_P5_P6.cache,1,0.112085284,314838,1436,0.456107585,49.79195562,26.84269759,99.54389241,0.113348366,0.019928455
Configuration_F5_P6_F6_P5.cache,1,0.290566724,325802,1449,0.444748651,50.24271845,27.77747464,99.55525135,0.285259148,0.033947087
Configuration_AF7_CP2_AF8_CP1.cache,1,0.321363555,341713,1512,0.442476581,52.42718447,29.13402677,99.55752342,0.324299004,0.028399962
Configuration_AF3_AF4_FC1_FC2.cache,1,0.116426707,326810,1464,0.447966708,50.7628294,27.86341547,99.55203329,0.114994032,0.017792326
Configuration_F3_C6_F4_C5.cache,1,0.313632692,334149,1471,0.440222775,51.00554785,28.48912951,99.55977723,0.309954623,0.041334831
Configuration_F1_FC2_F2_FC1.cache,1,0.153130819,326622,1453,0.444856746,50.3814147,27.84738682,99.55514325,0.1546239,0.022289711
Configuration_Fp1_Fp2_PO9_PO10.cache,1,0.089513051,317755,1420,0.446885179,49.2371706,27.09139739,99.55311482,0.091170122,0.016372909
Configuration_F1_FC4_F2_FC3.cache,1,0.213986288,333303,1458,0.437439807,50.55478502,28.4170006,99.56256019,0.212653391,0.031999673
Configuration_F9_C1_F10_C2.cache,1,0.232033596,333103,1453,0.436201415,50.3814147,28.39994884,99.56379858,0.235042494,0.033022421
Configuration_F7_P3_F8_P4.cache,1,0.214944511,315333,1376,0.436364098,47.71151179,26.88490067,99.5636359,0.215133443,0.021734498
Configuration_F1_P10_F2_P9.cache,1,0.34182375,329172,1423,0.432296793,49.34119279,28.06479666,99.56770321,0.345209378,0.035212294
Configuration_AF3_AF4_CP3_CP4.cache,1,0.127354914,324850,1421,0.437432661,49.27184466,27.6963083,99.56256734,0.126077907,0.020147611
Configuration_F9_F10_C5_C6.cache,1,0.273344472,344421,1475,0.428254955,51.14424411,29.36490749,99.57174504,0.269425196,0.039584008
Configuration_F5_C2_F6_C1.cache,1,0.263751473,339826,1456,0.428454562,50.48543689,28.97314349,99.57154544,0.259149747,0.033646609
Configuration_F7_PO10_F8_PO9.cache,1,0.292622947,340275,1434,0.421423848,49.72260749,29.01142467,99.57857615,0.286815911,0.034293871
Configuration_F5_CP4_F6_CP3.cache,1,0.294147713,344109,1422,0.413241153,49.30651872,29.33830676,99.58675885,0.28713287,0.037177505
Configuration_F1_F2_PO9_PO10.cache,1,0.089513051,337138,1420,0.421192509,49.2371706,28.74396794,99.57880749,0.091170122,0.016372909
Configuration_F7_PO9_F8_PO10.cache,1,0.212184744,349767,1450,0.414561694,50.27739251,29.82070083,99.58543831,0.216324198,0.026027372
Configuration_F1_CP6_F2_CP5.cache,1,0.276429026,332872,1372,0.412170444,47.57281553,28.38025407,99.58782956,0.276870041,0.024237755
Configuration_AF7_PO4_AF8_PO3.cache,1,0.334342535,353499,1451,0.410467922,50.31206657,30.13888652,99.58953208,0.339066965,0.034236309
Configuration_F7_CP1_F8_CP2.cache,1,0.217699349,352607,1452,0.411789896,50.34674064,30.06283571,99.5882101,0.217331191,0.0206198
Configuration_F3_F4_FC3_FC4.cache,1,0.242905318,343617,1405,0.408885474,48.71705964,29.29635945,99.59111453,0.236512762,0.034968479
Configuration_F3_CP8_F4_CP7.cache,1,0.298265136,349585,1419,0.405909865,49.20249653,29.80518373,99.59409014,0.298258565,0.027557049
Configuration_AF7_O10_AF8_O9.cache,1,0.338094689,355545,1438,0.404449507,49.86130374,30.31332594,99.59555049,0.34482601,0.038370241
Configuration_F1_F2_CP3_CP4.cache,1,0.126639142,357161,1465,0.410179163,50.79750347,30.4511041,99.58982084,0.126030909,0.020009678
Configuration_F1_P8_F2_P7.cache,1,0.317213785,363817,1466,0.402949835,50.83217753,31.01858641,99.59705017,0.320315879,0.032126095
Configuration_F5_CP1_F6_CP2.cache,1,0.207322518,371979,1497,0.402442073,51.90707351,31.71446841,99.59755793,0.207942556,0.02021232
Configuration_F5_P3_F6_P4.cache,1,0.211069229,375100,1506,0.401492935,52.21914008,31.980561,99.59850706,0.215894064,0.02330102
Configuration_F1_C2_F2_C1.cache,1,0.208352239,362274,1432,0.39528092,49.65325936,30.88703214,99.60471908,0.209468391,0.019722453
Configuration_F5_PO7_F6_PO8.cache,1,0.218091542,361323,1422,0.39355369,49.30651872,30.80595106,99.60644631,0.226750796,0.029590002
Configuration_AF3_AF4_PO9_PO10.cache,1,0.089513051,356296,1420,0.39854503,49.2371706,30.37735527,99.60145497,0.091170122,0.016372909
Configuration_F1_P1_F2_P2.cache,1,0.285362971,374489,1461,0.390131619,50.65880721,31.9284679,99.60986838,0.287085861,0.029832919
Configuration_F1_C4_F2_C3.cache,1,0.223861771,387359,1516,0.391368214,52.56588072,33.02574815,99.60863179,0.22673828,0.018970842
Configuration_F1_C6_F2_C5.cache,1,0.246929089,382463,1484,0.388011389,51.45631068,32.60832126,99.61198861,0.25046607,0.019787862
Configuration_F7_F8_FC3_FC4.cache,1,0.242905318,366172,1405,0.383699464,48.71705964,31.21937079,99.61630054,0.236512762,0.034968479
Configuration_AF3_AF4_P5_P6.cache,1,0.112085284,371722,1436,0.3863102,49.79195562,31.69255691,99.6136898,0.113348366,0.019928455
Configuration_F7_PO8_F8_PO7.cache,1,0.288637573,371827,1400,0.376519188,48.54368932,31.70150908,99.62348081,0.282305589,0.033297557
Configuration_AF9_AF10_FC1_FC2.cache,1,0.116426707,383683,1464,0.38156499,50.7628294,32.71233694,99.61843501,0.114994032,0.017792326
Configuration_F9_P8_F10_P7.cache,1,0.270810839,373193,1401,0.375408971,48.57836338,31.81797255,99.62459103,0.267393821,0.034976008
Configuration_F1_F2_P5_P6.cache,1,0.112085284,377670,1436,0.380226123,49.79195562,32.19967602,99.61977388,0.113344391,0.019913292
Configuration_F1_PO3_F2_PO4.cache,1,0.311403614,396049,1470,0.371166194,50.97087379,33.76664677,99.62883381,0.314621,0.033954172
Configuration_AF7_P2_AF8_P1.cache,1,0.326399232,403479,1492,0.369783805,51.73370319,34.40011936,99.63021619,0.330677918,0.031543222
Configuration_AF7_O2_AF8_O1.cache,1,0.337598012,383793,1417,0.369209444,49.13314841,32.72171541,99.63079056,0.342417825,0.037191974
Configuration_AF9_AF10_C3_C4.cache,1,0.18076681,392171,1465,0.373561533,50.79750347,33.4360133,99.62643847,0.177958568,0.026253641
Configuration_F3_C4_F4_C3.cache,1,0.268382124,387849,1425,0.367411029,49.41054092,33.06752494,99.63258897,0.265658684,0.035096385
Configuration_F1_F2_FC1_FC2.cache,1,0.116426707,396583,1464,0.369153494,50.7628294,33.81217495,99.63084651,0.114994032,0.017792326
Configuration_F1_CP4_F2_CP3.cache,1,0.259961615,386670,1404,0.363100318,48.68238558,32.96700486,99.63689968,0.260420115,0.024265951
Configuration_AF9_AF10_CP5_CP6.cache,1,0.194576463,397445,1452,0.365333568,50.34674064,33.885668,99.63466643,0.194139585,0.031350321
Configuration_F1_P6_F2_P5.cache,1,0.304337177,412894,1491,0.361109631,51.69902913,35.20283059,99.63889037,0.307056953,0.030786167
Configuration_F9_PO10_F10_PO9.cache,1,0.247560669,398927,1444,0.361970987,50.06934813,34.01202149,99.63802901,0.24538278,0.031404144
Configuration_F5_F6_FC3_FC4.cache,1,0.242905318,390628,1405,0.359677238,48.71705964,33.30445903,99.64032276,0.236512762,0.034968479
Configuration_F9_FC2_F10_FC1.cache,1,0.277359805,378959,1358,0.358350112,47.08737864,32.30957456,99.64164989,0.279260557,0.027540789
Configuration_F3_C2_F4_C1.cache,1,0.218366084,408558,1466,0.358822982,50.83217753,34.83314861,99.64117702,0.221265926,0.025197464
Configuration_F7_PO3_F8_PO4.cache,1,0.229940835,419510,1500,0.35756001,52.0110957,35.76690255,99.64243999,0.230479125,0.023737066
Configuration_F7_CP2_F8_CP1.cache,1,0.274320595,414854,1467,0.353618381,50.8668516,35.36993776,99.64638162,0.269460527,0.030825036
Configuration_F3_PO3_F4_PO4.cache,1,0.278878461,416729,1467,0.352027337,50.8668516,35.52979794,99.64797266,0.281585558,0.036982492
Configuration_F9_PO7_F10_PO8.cache,1,0.178319783,402479,1430,0.35529804,49.58391123,34.3148606,99.64470196,0.185169179,0.027780705
Configuration_F9_PO9_F10_PO10.cache,1,0.16661636,418131,1477,0.353238578,51.21359223,35.64933072,99.64676142,0.173726592,0.024858664
Configuration_AF9_P2_AF10_P1.cache,1,0.313460856,411038,1430,0.347899708,49.58391123,35.04459033,99.65210029,0.318397058,0.042693931
Configuration_F3_F4_CP5_CP6.cache,1,0.194576463,413136,1452,0.351458115,50.34674064,35.22346321,99.64854188,0.194139585,0.031350321
Configuration_AF9_O10_AF10_O9.cache,1,0.283424591,424588,1479,0.348337683,51.28294036,36.19984653,99.65166232,0.293893497,0.0407901
Configuration_F3_P1_F4_P2.cache,1,0.257263859,407854,1423,0.348899361,49.34119279,34.77312644,99.65110064,0.257105548,0.032456506
Configuration_F1_O9_F2_O10.cache,1,0.347588965,435408,1483,0.340600081,51.42163662,37.12234632,99.65939992,0.354199129,0.040841563
Configuration_F7_P1_F8_P2.cache,1,0.227989172,436769,1478,0.338393979,51.2482663,37.23838349,99.66160602,0.227425574,0.022373224
Configuration_F3_CP6_F4_CP5.cache,1,0.281383957,420442,1405,0.334172133,48.71705964,35.84636371,99.66582787,0.281300528,0.027773734
Configuration_F5_PO9_F6_PO10.cache,1,0.222831373,419861,1408,0.33534908,48.82108183,35.79682837,99.66465092,0.233131715,0.033854904
Configuration_F3_O9_F4_O10.cache,1,0.311697763,426809,1415,0.331530029,49.06380028,36.38920624,99.66846997,0.315866457,0.043574452
Configuration_F1_O1_F2_O2.cache,1,0.332137376,439604,1453,0.330524745,50.3814147,37.48009208,99.66947526,0.33597431,0.037727369
Configuration_AF7_AF8_CP5_CP6.cache,1,0.194576463,434417,1452,0.334241063,50.34674064,37.03785489,99.66575894,0.194139585,0.031350321
Configuration_AF7_AF8_FC1_FC2.cache,1,0.116426707,433972,1464,0.337348953,50.7628294,36.99991474,99.66265105,0.114994032,0.017792326
Configuration_F1_CP2_F2_CP1.cache,1,0.251340095,441393,1450,0.328505436,50.27739251,37.63262,99.67149456,0.252282514,0.024566546
Configuration_F5_F6_C5_C6.cache,1,0.273344472,452916,1475,0.325667453,51.14424411,38.6150567,99.67433255,0.269425196,0.039584008
Configuration_F5_CP2_F6_CP1.cache,1,0.260796588,454348,1477,0.325081215,51.21359223,38.73714724,99.67491878,0.257237838,0.031346449
Configuration_F3_F4_P9_P10.cache,1,0.135667312,441252,1448,0.328157153,50.20804438,37.62059852,99.67184285,0.138316782,0.024474583
Configuration_AF7_AF8_C3_C4.cache,1,0.18076681,449735,1465,0.325747385,50.79750347,38.34384858,99.67425262,0.177958568,0.026253641
Configuration_F7_P4_F8_P3.cache,1,0.279788525,460115,1476,0.320789368,51.17891817,39.22883451,99.67921063,0.275555549,0.031986265
Configuration_F9_F10_FC1_FC2.cache,1,0.116426707,449190,1464,0.325919989,50.7628294,38.29738256,99.67408001,0.114994032,0.017792326
Configuration_F3_P10_F4_P9.cache,1,0.301758413,466525,1484,0.318096565,51.45631068,39.77534317,99.68190344,0.308341482,0.03399332
Configuration_F5_PO10_F6_PO9.cache,1,0.28546816,464628,1474,0.317243042,51.10957004,39.6136073,99.68275696,0.282877437,0.029853475
Configuration_F7_F8_C5_C6.cache,1,0.273344472,464713,1475,0.317400202,51.14424411,39.62085429,99.6825998,0.269425196,0.039584008
Configuration_F1_PO10_F2_PO9.cache,1,0.344954651,473447,1490,0.314713157,51.66435506,40.36550431,99.68528684,0.351066217,0.038401843
Configuration_Fp1_Fp2_C1_C2.cache,1,0.078612676,447945,1441,0.321691279,49.96532594,38.1912354,99.67830872,0.077261258,0.011559492
Configuration_AF9_PO4_AF10_PO3.cache,1,0.302650906,470893,1465,0.311111017,50.79750347,40.14775343,99.68888898,0.310588889,0.042390419
Configuration_F9_F10_CP7_CP8.cache,1,0.226264359,455615,1426,0.31298355,49.44521498,38.84517009,99.68701645,0.227078475,0.037730831
Configuration_Fp1_Fp2_PO7_PO8.cache,1,0.083060928,443426,1412,0.318429682,48.95977809,37.80595106,99.68157032,0.084271469,0.015333952
Configuration_AF7_AF8_P9_P10.cache,1,0.135667312,458988,1448,0.315476657,50.20804438,39.13274789,99.68452334,0.138316782,0.024474583
Configuration_F9_CP4_F10_CP3.cache,1,0.267669463,461765,1429,0.309464771,49.54923717,39.36951147,99.69053523,0.266057953,0.029489308
Configuration_F7_O9_F8_O10.cache,1,0.234179734,469939,1459,0.310465826,50.58945908,40.06641657,99.68953417,0.235934057,0.027072304
Configuration_F3_O1_F4_O2.cache,1,0.296615029,468450,1439,0.307183264,49.89597781,39.93946628,99.69281674,0.300214196,0.040742843
Configuration_F9_CP1_F10_CP2.cache,1,0.217265147,464732,1433,0.308349759,49.68793343,39.62247421,99.69165024,0.220856779,0.032017446
Configuration_F3_F4_C3_C4.cache,1,0.18076681,474920,1465,0.308473006,50.79750347,40.49109046,99.69152699,0.177958568,0.026253641
Configuration_F5_P1_F6_P2.cache,1,0.222564829,484137,1479,0.30549204,51.28294036,41.27692045,99.69450796,0.224106414,0.022262728
Configuration_F9_P3_F10_P4.cache,1,0.195579258,466156,1424,0.305477136,49.37586685,39.74388268,99.69452286,0.200064598,0.030418494
Configuration_F3_F4_FC1_FC2.cache,1,0.116426707,475809,1464,0.307686488,50.7628294,40.5668855,99.69231351,0.114994032,0.017792326
Configuration_F1_PO8_F2_PO7.cache,1,0.327459199,471208,1410,0.299230913,48.89042996,40.17460994,99.70076909,0.32962798,0.035433008
Configuration_F7_F8_FC1_FC2.cache,1,0.116426707,477814,1464,0.306395376,50.7628294,40.73782931,99.69360462,0.114994032,0.017792326
Configuration_F5_F6_FC1_FC2.cache,1,0.116426707,479998,1464,0.305001271,50.7628294,40.92403444,99.69499873,0.114994032,0.017792326
Configuration_F9_P6_F10_P5.cache,1,0.260291632,480381,1407,0.292892517,48.78640777,40.95668855,99.70710748,0.257728293,0.031073546
Configuration_AF9_O2_AF10_O1.cache,1,0.295358206,489173,1426,0.29151241,49.44521498,41.70628357,99.70848759,0.302605602,0.042803878
Configuration_F7_O10_F8_O9.cache,1,0.267673685,518692,1499,0.288996167,51.97642164,44.22303692,99.71100383,0.264987108,0.029576032
Configuration_F5_F6_CP7_CP8.cache,1,0.226264359,492449,1426,0.289573133,49.44521498,41.98559127,99.71042687,0.227078475,0.037730831
Configuration_AF9_AF10_P9_P10.cache,1,0.135667312,494032,1448,0.293098423,50.20804438,42.12055589,99.70690158,0.138316782,0.024474583
Configuration_F3_CP4_F4_CP3.cache,1,0.253179248,486039,1398,0.287631239,48.47434119,41.43908262,99.71236876,0.254672763,0.023082956
Configuration_F1_P4_F2_P3.cache,1,0.292396554,498511,1426,0.286051862,49.44521498,42.50242987,99.71394814,0.292962463,0.029645577
Configuration_F3_P8_F4_P7.cache,1,0.286316092,501432,1417,0.28259066,49.13314841,42.75147071,99.71740934,0.290318554,0.029544123
Configuration_F5_PO3_F6_PO4.cache,1,0.228422496,509938,1450,0.284348293,50.27739251,43.47668173,99.71565171,0.232984659,0.025784403
Configuration_F7_F8_CP7_CP8.cache,1,0.226264359,511714,1426,0.278671289,49.44521498,43.62810129,99.72132871,0.227078475,0.037730831
Configuration_F7_O1_F8_O2.cache,1,0.236659901,501942,1396,0.278119783,48.40499307,42.79495268,99.72188022,0.236298415,0.025487188
Configuration_F9_O9_F10_O10.cache,1,0.188397628,534811,1490,0.278603095,51.66435506,45.59732287,99.7213969,0.193209126,0.024943107
Configuration_AF3_AF4_PO7_PO8.cache,1,0.083060928,500303,1412,0.282228969,48.95977809,42.65521357,99.71777103,0.084271469,0.015333952
Configuration_AF3_AF4_C1_C2.cache,1,0.078612676,514532,1441,0.280060327,49.96532594,43.86836047,99.71993967,0.077261258,0.011559492
Configuration_F5_PO8_F6_PO7.cache,1,0.280411318,520357,1408,0.270583465,48.82108183,44.36499275,99.72941654,0.276407974,0.029692196
Configuration_F9_F10_C3_C4.cache,1,0.18076681,534689,1465,0.273991049,50.79750347,45.58692131,99.72600895,0.177958568,0.026253641
Configuration_F3_CP2_F4_CP1.cache,1,0.236125049,534602,1444,0.270107482,50.06934813,45.57950379,99.72989252,0.237536894,0.021736388
Configuration_F1_P2_F2_P1.cache,1,0.284880182,555041,1483,0.267187469,51.42163662,47.3221076,99.73281253,0.286854805,0.029354047
Configuration_F1_F2_PO7_PO8.cache,1,0.083060928,514973,1412,0.274189132,48.95977809,43.90595959,99.72581087,0.084271469,0.015333952
Configuration_Fp1_Fp2_P3_P4.cache,1,0.075964966,520620,1408,0.270446775,48.82108183,44.38741581,99.72955323,0.076279995,0.013274211
Configuration_F5_P4_F6_P3.cache,1,0.269733721,555819,1445,0.259976719,50.10402219,47.38843891,99.74002328,0.266119256,0.030267605
Configuration_F9_O10_F10_O9.cache,1,0.223973164,546585,1420,0.259794908,49.2371706,46.60115952,99.74020509,0.222869972,0.026170337
Configuration_F7_P2_F8_P1.cache,1,0.264951006,553824,1430,0.258204773,49.58391123,47.21834769,99.74179523,0.260819489,0.028635827
Configuration_F9_C2_F10_C1.cache,1,0.249549757,570965,1462,0.256057727,50.69348128,48.6797681,99.74394227,0.253551999,0.027349064
Configuration_F9_F10_CP5_CP6.cache,1,0.194576463,573361,1452,0.253243593,50.34674064,48.88404809,99.74675641,0.194139585,0.031350321
Configuration_F9_PO8_F10_PO7.cache,1,0.245302834,573126,1430,0.249508834,49.58391123,48.86401228,99.75049117,0.243586994,0.028901181
Configuration_F5_O9_F6_O10.cache,1,0.236437673,587190,1466,0.249663652,50.83217753,50.06309148,99.75033635,0.247793767,0.03347705
Configuration_AF7_AF8_P7_P8.cache,1,0.131944528,592388,1475,0.248992215,51.14424411,50.50626652,99.75100779,0.134538134,0.024054076
Configuration_AF9_AF10_P7_P8.cache,1,0.131944528,599489,1475,0.24604288,51.14424411,51.11168898,99.75395712,0.134538134,0.024054076
Configuration_F1_F2_C1_C2.cache,1,0.078612676,581130,1441,0.247965171,49.96532594,49.5464234,99.75203483,0.077261258,0.011559492
Configuration_F3_P6_F4_P5.cache,1,0.276405095,587802,1407,0.239366317,48.78640777,50.11526984,99.76063368,0.279524911,0.0284785
Configuration_F3_F4_P7_P8.cache,1,0.131944528,606868,1475,0.243051207,51.14424411,51.74081337,99.75694879,0.134538134,0.024054076
Configuration_F1_O10_F2_O9.cache,1,0.349825657,619424,1458,0.235379966,50.55478502,52.81132236,99.76462003,0.355459962,0.040868678
Configuration_F3_PO10_F4_PO9.cache,1,0.307254591,610729,1443,0.236275009,50.03467406,52.06999744,99.76372499,0.312992293,0.039646471
Configuration_Fp1_Fp2_CP1_CP2.cache,1,0.062302549,592851,1457,0.245761583,50.52011096,50.54574132,99.75423842,0.061887701,0.009952935
Configuration_F7_PO4_F8_PO3.cache,1,0.268953859,595262,1405,0.236030521,48.71705964,50.7513002,99.76396948,0.264171058,0.029127063
Configuration_AF3_AF4_P3_P4.cache,1,0.075964966,579336,1408,0.243036856,48.82108183,49.39346918,99.75696314,0.076279995,0.013274211
Configuration_F7_O2_F8_O1.cache,1,0.264795339,622997,1463,0.234832591,50.72815534,53.11595191,99.76516741,0.261640263,0.028596216
Configuration_F5_P2_F6_P1.cache,1,0.25366285,628357,1476,0.234898314,51.17891817,53.57293887,99.76510169,0.252165835,0.027195698
Configuration_F5_F6_CP5_CP6.cache,1,0.194576463,625085,1452,0.232288409,50.34674064,53.29397221,99.76771159,0.194139585,0.031350321
Configuration_F9_PO3_F10_PO4.cache,1,0.196579662,615505,1422,0.231029805,49.30651872,52.47719328,99.7689702,0.203107548,0.028318474
Configuration_F9_O1_F10_O2.cache,1,0.195154564,613066,1408,0.229665322,48.82108183,52.26924717,99.77033468,0.200118148,0.026154061
Configuration_F5_F6_C3_C4.cache,1,0.18076681,638952,1465,0.229281699,50.79750347,54.47625544,99.7707183,0.177958568,0.026253641
Configuration_F5_O1_F6_O2.cache,1,0.236526431,613321,1393,0.227124132,48.30097087,52.29098815,99.77287587,0.242934473,0.029315334
Configuration_F1_PO4_F2_PO3.cache,1,0.314648357,628219,1412,0.224762384,48.95977809,53.56117316,99.77523762,0.316031163,0.03407997
Configuration_F7_F8_C3_C4.cache,1,0.18076681,641823,1465,0.228256077,50.79750347,54.72103334,99.77174392,0.177958568,0.026253641
Configuration_F7_F8_CP5_CP6.cache,1,0.194576463,642461,1452,0.226005937,50.34674064,54.77542843,99.77399406,0.194139585,0.031350321
Configuration_F9_P1_F10_P2.cache,1,0.206170375,628675,1416,0.225235615,49.09847434,53.60005116,99.77476439,0.211324843,0.030232996
Configuration_F1_F2_P3_P4.cache,1,0.075964966,610120,1408,0.230774274,48.82108183,52.01807486,99.76922573,0.076279995,0.013274211
Configuration_F5_O10_F6_O9.cache,1,0.266828145,635199,1408,0.221662817,48.82108183,54.15627931,99.77833718,0.268581533,0.028979834
Configuration_F5_F6_P9_P10.cache,1,0.135667312,640217,1448,0.226173313,50.20804438,54.58410777,99.77382669,0.138316782,0.024474583
Configuration_AF9_AF10_CP3_CP4.cache,1,0.127354914,635816,1421,0.223492331,49.27184466,54.20888396,99.77650767,0.126077907,0.020147611
Configuration_F3_P2_F4_P1.cache,1,0.25751415,675609,1473,0.218025515,51.07489598,57.60158581,99.78197449,0.260227461,0.029563482
Configuration_AF7_AF8_CP3_CP4.cache,1,0.127354914,641824,1421,0.221400259,49.27184466,54.72111859,99.77859974,0.126077907,0.020147611
Configuration_AF3_AF4_CP1_CP2.cache,1,0.062302549,656092,1457,0.222072514,50.52011096,55.93759059,99.77792749,0.061887701,0.009952935
Configuration_F3_O10_F4_O9.cache,1,0.312356513,666291,1408,0.211319078,48.82108183,56.80714468,99.78868092,0.317186551,0.043441454
Configuration_F9_CP2_F10_CP1.cache,1,0.240467061,690993,1474,0.213316199,51.10957004,58.91320658,99.7866838,0.242895403,0.025933291
Configuration_F3_P4_F4_P3.cache,1,0.265346131,661165,1400,0.211747446,48.54368932,56.37010828,99.78825255,0.266910109,0.02850092
Configuration_F5_PO4_F6_PO3.cache,1,0.260814394,703169,1486,0.211328998,51.52565881,59.95131725,99.788671,0.259709571,0.026659819
Configuration_F3_F4_CP3_CP4.cache,1,0.127354914,659388,1421,0.21550286,49.27184466,56.21860346,99.78449714,0.126077907,0.020147611
Configuration_F3_PO8_F4_PO7.cache,1,0.290227977,720288,1469,0.203946199,50.93619972,61.41086197,99.7960538,0.295625167,0.0362899
Configuration_F5_O2_F6_O1.cache,1,0.260560664,737068,1507,0.204458747,52.25381415,62.84150396,99.79554125,0.262012439,0.027121174
Configuration_F3_F4_PO9_PO10.cache,1,0.089513051,671665,1420,0.211414917,49.2371706,57.26532526,99.78858508,0.091170122,0.016372909
Configuration_F9_O2_F10_O1.cache,1,0.223626029,691382,1420,0.205385735,49.2371706,58.94637224,99.79461427,0.223282288,0.024788355
Configuration_F7_F8_P9_P10.cache,1,0.135667312,695368,1448,0.208235064,50.20804438,59.28621366,99.79176494,0.138316782,0.024474583
Configuration_F9_P4_F10_P3.cache,1,0.242186437,723479,1465,0.202493784,50.79750347,61.68292267,99.79750622,0.242488717,0.025908716
Configuration_F1_O2_F2_O1.cache,1,0.334474198,711223,1411,0.198390659,48.92510402,60.6379913,99.80160934,0.336927574,0.037769201
Configuration_F9_F10_P9_P10.cache,1,0.135667312,711107,1448,0.203626177,50.20804438,60.62810129,99.79637382,0.138316782,0.024474583
Configuration_F1_F2_CP1_CP2.cache,1,0.062302549,706809,1457,0.206137726,50.52011096,60.26165914,99.79386227,0.061887701,0.009952935
Configuration_F3_F4_P5_P6.cache,1,0.112085284,712685,1436,0.201491543,49.79195562,60.76263961,99.79850846,0.113348366,0.019928455
Configuration_AF7_AF8_P5_P6.cache,1,0.112085284,713798,1436,0.201177364,49.79195562,60.85753261,99.79882264,0.113348366,0.019928455
Configuration_AF7_AF8_PO9_PO10.cache,1,0.089513051,715321,1420,0.198512276,49.2371706,60.9873817,99.80148772,0.091170122,0.016372909
Configuration_F9_PO4_F10_PO3.cache,1,0.22805405,777782,1481,0.190413252,51.35228849,66.31272913,99.80958675,0.229274939,0.024692695
Configuration_AF9_AF10_P5_P6.cache,1,0.112085284,735713,1436,0.195184807,49.79195562,62.72597834,99.80481519,0.113348366,0.019928455
Configuration_F9_P2_F10_P1.cache,1,0.228912654,804608,1484,0.184437639,51.45631068,68.59988064,99.81556236,0.231562143,0.025235785
Configuration_AF9_AF10_C1_C2.cache,1,0.078612676,756004,1441,0.190607457,49.96532594,64.45596385,99.80939254,0.077261258,0.011559492
Configuration_Fp1_Fp2_O9_O10.cache,1,0.039164391,749726,1441,0.192203552,49.96532594,63.92070935,99.80779645,0.040143155,0.007340187
Configuration_F3_PO4_F4_PO3.cache,1,0.282076252,779224,1411,0.181077585,48.92510402,66.43567227,99.81892242,0.283886399,0.035958127
Configuration_AF7_AF8_C1_C2.cache,1,0.078612676,765729,1441,0.188186682,49.96532594,65.28510529,99.81181332,0.077261258,0.011559492
Configuration_F5_F6_P7_P8.cache,1,0.131944528,798297,1475,0.184768326,51.14424411,68.0618126,99.81523167,0.134538134,0.024054076
Configuration_F3_O2_F4_O1.cache,1,0.297078552,818170,1453,0.177591454,50.3814147,69.75615995,99.82240855,0.301475824,0.040378493
Configuration_F3_F4_C1_C2.cache,1,0.078612676,777765,1441,0.185274472,49.96532594,66.31127973,99.81472553,0.077261258,0.011559492
Configuration_AF9_AF10_PO9_PO10.cache,1,0.089513051,769409,1420,0.184557238,49.2371706,65.59885753,99.81544276,0.091170122,0.016372909
Configuration_F1_F2_O9_O10.cache,1,0.039164391,775076,1441,0.185917252,49.96532594,66.08201893,99.81408275,0.040143155,0.007340187
Configuration_AF3_AF4_O9_O10.cache,1,0.039164391,777344,1441,0.185374815,49.96532594,66.2753858,99.81462519,0.040143155,0.007340187
Configuration_F9_F10_P7_P8.cache,1,0.131944528,844237,1475,0.174713972,51.14424411,71.97860005,99.82528603,0.134538134,0.024054076
Configuration_Fp1_Fp2_PO3_PO4.cache,1,0.043294665,805757,1440,0.17871393,49.93065187,68.69784295,99.82128607,0.044023148,0.008070832
Configuration_F9_F10_C1_C2.cache,1,0.078612676,819842,1441,0.175765574,49.96532594,69.89871259,99.82423443,0.077261258,0.011559492
Configuration_F7_F8_P7_P8.cache,1,0.131944528,852481,1475,0.173024384,51.14424411,72.68147327,99.82697562,0.134538134,0.024054076
Configuration_F5_F6_C1_C2.cache,1,0.078612676,825240,1441,0.174615869,49.96532594,70.35893938,99.82538413,0.077261258,0.011559492
Configuration_F7_F8_C1_C2.cache,1,0.078612676,825798,1441,0.17449788,49.96532594,70.40651377,99.82550212,0.077261258,0.011559492
Configuration_F3_F4_PO7_PO8.cache,1,0.083060928,818275,1412,0.172558125,48.95977809,69.76511212,99.82744187,0.084271469,0.015333952
Configuration_Fp1_Fp2_P1_P2.cache,1,0.041520831,844407,1476,0.174797225,51.17891817,71.99309404,99.82520278,0.041906192,0.007294987
Configuration_F5_F6_CP3_CP4.cache,1,0.127354914,845491,1421,0.168068022,49.27184466,72.08551454,99.83193198,0.126077907,0.020147611
Configuration_AF3_AF4_PO3_PO4.cache,1,0.043294665,842270,1440,0.170966555,49.93065187,71.81089607,99.82903345,0.044023148,0.008070832
Configuration_F1_F2_PO3_PO4.cache,1,0.043294665,853603,1440,0.168696689,49.93065187,72.7771336,99.83130331,0.044023148,0.008070832
Configuration_F9_F10_CP3_CP4.cache,1,0.127354914,865195,1421,0.164240431,49.27184466,73.76545315,99.83575957,0.126077907,0.020147611
Configuration_AF3_AF4_P1_P2.cache,1,0.041520831,878155,1476,0.168079667,51.17891817,74.87040668,99.83192033,0.041906192,0.007294987
Configuration_F1_F2_P1_P2.cache,1,0.041520831,883089,1476,0.167140571,51.17891817,75.29107341,99.83285943,0.041906192,0.007294987
Configuration_F5_F6_PO9_PO10.cache,1,0.089513051,874632,1420,0.162353996,49.2371706,74.57004007,99.837646,0.091170122,0.016372909
Configuration_AF7_AF8_PO7_PO8.cache,1,0.083060928,871228,1412,0.16207009,48.95977809,74.27981925,99.83792991,0.084271469,0.015333952
Configuration_F7_F8_CP3_CP4.cache,1,0.127354914,893453,1421,0.159045859,49.27184466,76.1746952,99.84095414,0.126077907,0.020147611
Configuration_F5_F6_P5_P6.cache,1,0.112085284,913846,1436,0.157138074,49.79195562,77.9133771,99.84286193,0.113348366,0.019928455
Configuration_F7_F8_PO9_PO10.cache,1,0.089513051,901487,1420,0.157517524,49.2371706,76.85966408,99.84248248,0.091170122,0.016372909
Configuration_F3_F4_P3_P4.cache,1,0.075964966,890736,1408,0.158071527,48.82108183,75.94304715,99.84192847,0.076279995,0.013274211
Configuration_F9_F10_PO9_PO10.cache,1,0.089513051,905054,1420,0.156896716,49.2371706,77.16378208,99.84310328,0.091170122,0.016372909
Configuration_Fp1_Fp2_O1_O2.cache,1,0.033557619,926654,1458,0.15734028,50.55478502,79.0053713,99.84265972,0.034369523,0.006414093
Configuration_AF9_AF10_PO7_PO8.cache,1,0.083060928,913238,1412,0.154614679,48.95977809,77.86153977,99.84538532,0.084271469,0.015333952
Configuration_F1_F2_O1_O2.cache,1,0.033557619,933707,1458,0.156151769,50.55478502,79.60670134,99.84384823,0.034369523,0.006414093
Configuration_F3_F4_CP1_CP2.cache,1,0.062302549,952233,1457,0.15300877,50.52011096,81.18620513,99.84699123,0.061887701,0.009952935
Configuration_AF3_AF4_O1_O2.cache,1,0.033557619,945979,1458,0.154126043,50.55478502,80.65299685,99.84587396,0.034369523,0.006414093
Configuration_F9_F10_P5_P6.cache,1,0.112085284,964390,1436,0.148902415,49.79195562,82.22269588,99.85109759,0.113348366,0.019928455
Configuration_F3_F4_O9_O10.cache,1,0.039164391,943974,1441,0.152652509,49.96532594,80.48205303,99.84734749,0.040143155,0.007340187
Configuration_AF7_AF8_O9_O10.cache,1,0.039164391,947497,1441,0.152084914,49.96532594,80.78241964,99.84791509,0.040143155,0.007340187
Configuration_F7_F8_P5_P6.cache,1,0.112085284,969099,1436,0.148178875,49.79195562,82.62417938,99.85182112,0.113348366,0.019928455
Configuration_AF9_AF10_O9_O10.cache,1,0.039164391,948252,1441,0.151963824,49.96532594,80.84679001,99.84803618,0.040143155,0.007340187
Configuration_F5_F6_O9_O10.cache,1,0.039164391,949221,1441,0.151808694,49.96532594,80.92940575,99.84819131,0.040143155,0.007340187
Configuration_F7_F8_O9_O10.cache,1,0.039164391,949333,1441,0.151790784,49.96532594,80.93895473,99.84820922,0.040143155,0.007340187
Configuration_F9_F10_O9_O10.cache,1,0.039164391,949345,1441,0.151788865,49.96532594,80.93997783,99.84821114,0.040143155,0.007340187
Configuration_AF7_AF8_CP1_CP2.cache,1,0.062302549,982299,1457,0.14832551,50.52011096,83.74959502,99.85167449,0.061887701,0.009952935
Configuration_AF7_AF8_P3_P4.cache,1,0.075964966,955005,1408,0.147433783,48.82108183,81.42254242,99.85256622,0.076279995,0.013274211
Configuration_AF9_AF10_CP1_CP2.cache,1,0.062302549,993303,1457,0.146682332,50.52011096,84.68778242,99.85331767,0.061887701,0.009952935
Configuration_F9_F10_CP1_CP2.cache,1,0.062302549,1015591,1457,0.143463264,50.52011096,86.58802967,99.85653674,0.061887701,0.009952935
Configuration_F5_F6_CP1_CP2.cache,1,0.062302549,1016526,1457,0.143331307,50.52011096,86.66774661,99.85666869,0.061887701,0.009952935
Configuration_AF9_AF10_P3_P4.cache,1,0.075964966,987853,1408,0.142531328,48.82108183,84.22312218,99.85746867,0.076279995,0.013274211
Configuration_F7_F8_CP1_CP2.cache,1,0.062302549,1017322,1457,0.143219158,50.52011096,86.73561258,99.85678084,0.061887701,0.009952935
Configuration_F5_F6_PO7_PO8.cache,1,0.083060928,1007648,1412,0.140128299,48.95977809,85.91081934,99.8598717,0.084271469,0.015333952
Configuration_F9_F10_PO7_PO8.cache,1,0.083060928,1024877,1412,0.13777263,48.95977809,87.37974252,99.86222737,0.084271469,0.015333952
Configuration_F7_F8_PO7_PO8.cache,1,0.083060928,1025197,1412,0.137729627,48.95977809,87.40702532,99.86227037,0.084271469,0.015333952
Configuration_F3_F4_O1_O2.cache,1,0.033557619,1039849,1458,0.140212665,50.55478502,88.65623668,99.85978733,0.034369523,0.006414093
Configuration_AF7_AF8_O1_O2.cache,1,0.033557619,1041137,1458,0.140039207,50.55478502,88.76604996,99.85996079,0.034369523,0.006414093
Configuration_AF9_AF10_O1_O2.cache,1,0.033557619,1041325,1458,0.140013925,50.55478502,88.78207861,99.85998608,0.034369523,0.006414093
Configuration_F5_F6_O1_O2.cache,1,0.033557619,1041857,1458,0.13994243,50.55478502,88.82743627,99.86005757,0.034369523,0.006414093
Configuration_F9_F10_O1_O2.cache,1,0.033557619,1041860,1458,0.139942027,50.55478502,88.82769205,99.86005797,0.034369523,0.006414093
Configuration_F7_F8_O1_O2.cache,1,0.033557619,1041894,1458,0.13993746,50.55478502,88.83059084,99.86006254,0.034369523,0.006414093
Configuration_F3_F4_P1_P2.cache,1,0.041520831,1070479,1476,0.1378822,51.17891817,91.26771251,99.8621178,0.041906192,0.007294987
Configuration_AF7_AF8_P1_P2.cache,1,0.041520831,1073467,1476,0.137498405,51.17891817,91.52246568,99.8625016,0.041906192,0.007294987
Configuration_AF9_AF10_P1_P2.cache,1,0.041520831,1074213,1476,0.137402917,51.17891817,91.58606872,99.86259708,0.041906192,0.007294987
Configuration_F5_F6_P1_P2.cache,1,0.041520831,1076210,1476,0.137147954,51.17891817,91.75633046,99.86285205,0.041906192,0.007294987
Configuration_F9_F10_P1_P2.cache,1,0.041520831,1076252,1476,0.137142602,51.17891817,91.75991133,99.8628574,0.041906192,0.007294987
Configuration_F7_F8_P1_P2.cache,1,0.041520831,1076322,1476,0.137133683,51.17891817,91.76587944,99.86286632,0.041906192,0.007294987
Configuration_F3_F4_PO3_PO4.cache,1,0.043294665,1055013,1440,0.136491209,49.93065187,89.94910052,99.86350879,0.044023148,0.008070832
Configuration_AF7_AF8_PO3_PO4.cache,1,0.043294665,1061243,1440,0.135689941,49.93065187,90.4802626,99.86431006,0.044023148,0.008070832
Configuration_AF9_AF10_PO3_PO4.cache,1,0.043294665,1062199,1440,0.135567817,49.93065187,90.56176997,99.86443218,0.044023148,0.008070832
Configuration_F5_F6_PO3_PO4.cache,1,0.043294665,1064448,1440,0.135281385,49.93065187,90.75351692,99.86471861,0.044023148,0.008070832
Configuration_F9_F10_PO3_PO4.cache,1,0.043294665,1064524,1440,0.135271727,49.93065187,90.75999659,99.86472827,0.044023148,0.008070832
Configuration_F7_F8_PO3_PO4.cache,1,0.043294665,1064619,1440,0.135259656,49.93065187,90.76809617,99.86474034,0.044023148,0.008070832
Configuration_F5_F6_P3_P4.cache,1,0.075964966,1057771,1408,0.133110097,48.82108183,90.18424418,99.8668899,0.076279995,0.013274211
Configuration_F9_F10_P3_P4.cache,1,0.075964966,1064627,1408,0.132252892,48.82108183,90.76877824,99.86774711,0.076279995,0.013274211
Configuration_F7_F8_P3_P4.cache,1,0.075964966,1065996,1408,0.132083047,48.82108183,90.88549748,99.86791695,0.076279995,0.013274211
